type,area,n,Date
localCOVID,Yangpu,0,2022/2/17
localCOVID,Yangpu,0,2022/2/18
localCOVID,Yangpu,0,2022/2/19
localCOVID,Yangpu,0,2022/2/20
localCOVID,Yangpu,0,2022/2/21
localCOVID,Yangpu,0,2022/2/22
localCOVID,Yangpu,0,2022/2/23
localCOVID,Yangpu,0,2022/2/24
localCOVID,Yangpu,0,2022/2/25
localCOVID,Yangpu,0,2022/2/26
localCOVID,Yangpu,0,2022/2/27
localCOVID,Yangpu,0,2022/2/28
localCOVID,Yangpu,0,2022/3/1
localCOVID,Yangpu,0,2022/3/2
localCOVID,Yangpu,0,2022/3/3
localCOVID,Yangpu,0,2022/3/4
localCOVID,Yangpu,0,2022/3/5
localCOVID,Yangpu,0,2022/3/6
localCOVID,Yangpu,0,2022/3/7
localCOVID,Yangpu,0,2022/3/8
localCOVID,Yangpu,0,2022/3/9
localCOVID,Yangpu,0,2022/3/10
localCOVID,Yangpu,0,2022/3/11
localCOVID,Yangpu,0,2022/3/12
localCOVID,Yangpu,0,2022/3/13
localCOVID,Yangpu,0,2022/3/14
localCOVID,Yangpu,0,2022/3/15
localCOVID,Yangpu,0,2022/3/16
localCOVID,Yangpu,1,2022/3/17
localCOVID,Yangpu,0,2022/3/18
localCOVID,Yangpu,0,2022/3/19
localCOVID,Yangpu,0,2022/3/20
localCOVID,Yangpu,0,2022/3/21
localCOVID,Yangpu,0,2022/3/22
localCOVID,Yangpu,0,2022/3/23
localCOVID,Yangpu,1,2022/3/24
localCOVID,Yangpu,0,2022/3/25
localCOVID,Yangpu,2,2022/3/26
localCOVID,Yangpu,0,2022/3/27
localCOVID,Yangpu,0,2022/3/28
localCOVID,Yangpu,3,2022/3/29
localCOVID,Yangpu,3,2022/3/30
localCOVID,Yangpu,5,2022/3/31
localCOVID,Yangpu,11,2022/4/1
localCOVID,Yangpu,19,2022/4/2
localCOVID,Yangpu,30,2022/4/3
localCOVID,Yangpu,10,2022/4/4
localCOVID,Yangpu,11,2022/4/5
localCOVID,Yangpu,12,2022/4/6
localCOVID,Yangpu,29,2022/4/7
localCOVID,Yangpu,12,2022/4/8
localCOVID,Yangpu,32,2022/4/9
localCOVID,Yangpu,61,2022/4/10
localCOVID,Yangpu,30,2022/4/11
localCOVID,Yangpu,60,2022/4/12
localCOVID,Yangpu,54,2022/4/13
localCOVID,Yangpu,48,2022/4/14
localCOVID,Yangpu,275,2022/4/15
localCOVID,Yangpu,84,2022/4/16
localCOVID,Yangpu,26,2022/4/17
localCOVID,Yangpu,64,2022/4/18
localCOVID,Yangpu,64,2022/4/19
localCOVID,Yangpu,202,2022/4/20
localCOVID,Yangpu,54,2022/4/21
localCOVID,Yangpu,88,2022/4/22
localCOVID,Yangpu,42,2022/4/23
localCOVID,Yangpu,75,2022/4/24
localCOVID,Yangpu,65,2022/4/25
localCOVID,Yangpu,47,2022/4/26
localCOVID,Yangpu,60,2022/4/27
localCOVID,Yangpu,75,2022/4/28
localCOVID,Yangpu,27,2022/4/29
localCOVID,Yangpu,22,2022/4/30
localCOVID,Yangpu,35,2022/5/1
localCOVID,Yangpu,34,2022/5/2
localCOVID,Yangpu,27,2022/5/3
localCOVID,Yangpu,24,2022/5/4
localCOVID,Yangpu,47,2022/5/5
localCOVID,Yangpu,30,2022/5/6
localCOVID,Yangpu,7,2022/5/7
localCOVID,Yangpu,18,2022/5/8
localCOVID,Yangpu,28,2022/5/9
localCOVID,Yangpu,32,2022/5/10
localCOVID,Yangpu,34,2022/5/11
localCOVID,Yangpu,34,2022/5/12
localCOVID,Yangpu,18,2022/5/13
localCOVID,Yangpu,18,2022/5/14
localCOVID,Yangpu,10,2022/5/15
localCOVID,Yangpu,17,2022/5/16
localCOVID,Yangpu,25,2022/5/17
localCOVID,Jingan,0,2022/2/17
localCOVID,Jingan,0,2022/2/18
localCOVID,Jingan,0,2022/2/19
localCOVID,Jingan,0,2022/2/20
localCOVID,Jingan,0,2022/2/21
localCOVID,Jingan,0,2022/2/22
localCOVID,Jingan,0,2022/2/23
localCOVID,Jingan,0,2022/2/24
localCOVID,Jingan,0,2022/2/25
localCOVID,Jingan,0,2022/2/26
localCOVID,Jingan,0,2022/2/27
localCOVID,Jingan,0,2022/2/28
localCOVID,Jingan,0,2022/3/1
localCOVID,Jingan,0,2022/3/2
localCOVID,Jingan,0,2022/3/3
localCOVID,Jingan,0,2022/3/4
localCOVID,Jingan,0,2022/3/5
localCOVID,Jingan,0,2022/3/6
localCOVID,Jingan,0,2022/3/7
localCOVID,Jingan,1,2022/3/8
localCOVID,Jingan,2,2022/3/9
localCOVID,Jingan,0,2022/3/10
localCOVID,Jingan,0,2022/3/11
localCOVID,Jingan,0,2022/3/12
localCOVID,Jingan,10,2022/3/13
localCOVID,Jingan,0,2022/3/14
localCOVID,Jingan,0,2022/3/15
localCOVID,Jingan,0,2022/3/16
localCOVID,Jingan,2,2022/3/17
localCOVID,Jingan,0,2022/3/18
localCOVID,Jingan,0,2022/3/19
localCOVID,Jingan,0,2022/3/20
localCOVID,Jingan,0,2022/3/21
localCOVID,Jingan,0,2022/3/22
localCOVID,Jingan,0,2022/3/23
localCOVID,Jingan,8,2022/3/24
localCOVID,Jingan,0,2022/3/25
localCOVID,Jingan,3,2022/3/26
localCOVID,Jingan,5,2022/3/27
localCOVID,Jingan,10,2022/3/28
localCOVID,Jingan,8,2022/3/29
localCOVID,Jingan,8,2022/3/30
localCOVID,Jingan,4,2022/3/31
localCOVID,Jingan,11,2022/4/1
localCOVID,Jingan,25,2022/4/2
localCOVID,Jingan,29,2022/4/3
localCOVID,Jingan,1,2022/4/4
localCOVID,Jingan,12,2022/4/5
localCOVID,Jingan,27,2022/4/6
localCOVID,Jingan,22,2022/4/7
localCOVID,Jingan,42,2022/4/8
localCOVID,Jingan,25,2022/4/9
localCOVID,Jingan,29,2022/4/10
localCOVID,Jingan,20,2022/4/11
localCOVID,Jingan,75,2022/4/12
localCOVID,Jingan,49,2022/4/13
localCOVID,Jingan,70,2022/4/14
localCOVID,Jingan,92,2022/4/15
localCOVID,Jingan,143,2022/4/16
localCOVID,Jingan,127,2022/4/17
localCOVID,Jingan,203,2022/4/18
localCOVID,Jingan,205,2022/4/19
localCOVID,Jingan,164,2022/4/20
localCOVID,Jingan,150,2022/4/21
localCOVID,Jingan,76,2022/4/22
localCOVID,Jingan,40,2022/4/23
localCOVID,Jingan,142,2022/4/24
localCOVID,Jingan,131,2022/4/25
localCOVID,Jingan,145,2022/4/26
localCOVID,Jingan,32,2022/4/27
localCOVID,Jingan,349,2022/4/28
localCOVID,Jingan,124,2022/4/29
localCOVID,Jingan,110,2022/4/30
localCOVID,Jingan,70,2022/5/1
localCOVID,Jingan,20,2022/5/2
localCOVID,Jingan,17,2022/5/3
localCOVID,Jingan,20,2022/5/4
localCOVID,Jingan,30,2022/5/5
localCOVID,Jingan,16,2022/5/6
localCOVID,Jingan,19,2022/5/7
localCOVID,Jingan,38,2022/5/8
localCOVID,Jingan,22,2022/5/9
localCOVID,Jingan,28,2022/5/10
localCOVID,Jingan,12,2022/5/11
localCOVID,Jingan,35,2022/5/12
localCOVID,Jingan,34,2022/5/13
localCOVID,Jingan,27,2022/5/14
localCOVID,Jingan,10,2022/5/15
localCOVID,Jingan,14,2022/5/16
localCOVID,Jingan,15,2022/5/17
localCOVID,Pudong,0,2022/2/17
localCOVID,Pudong,0,2022/2/18
localCOVID,Pudong,0,2022/2/19
localCOVID,Pudong,0,2022/2/20
localCOVID,Pudong,0,2022/2/21
localCOVID,Pudong,0,2022/2/22
localCOVID,Pudong,0,2022/2/23
localCOVID,Pudong,0,2022/2/24
localCOVID,Pudong,0,2022/2/25
localCOVID,Pudong,0,2022/2/26
localCOVID,Pudong,0,2022/2/27
localCOVID,Pudong,0,2022/2/28
localCOVID,Pudong,0,2022/3/1
localCOVID,Pudong,0,2022/3/2
localCOVID,Pudong,0,2022/3/3
localCOVID,Pudong,0,2022/3/4
localCOVID,Pudong,0,2022/3/5
localCOVID,Pudong,0,2022/3/6
localCOVID,Pudong,0,2022/3/7
localCOVID,Pudong,0,2022/3/8
localCOVID,Pudong,1,2022/3/9
localCOVID,Pudong,4,2022/3/10
localCOVID,Pudong,0,2022/3/11
localCOVID,Pudong,0,2022/3/12
localCOVID,Pudong,3,2022/3/13
localCOVID,Pudong,1,2022/3/14
localCOVID,Pudong,2,2022/3/15
localCOVID,Pudong,0,2022/3/16
localCOVID,Pudong,24,2022/3/17
localCOVID,Pudong,2,2022/3/18
localCOVID,Pudong,8,2022/3/19
localCOVID,Pudong,1,2022/3/20
localCOVID,Pudong,6,2022/3/21
localCOVID,Pudong,0,2022/3/22
localCOVID,Pudong,0,2022/3/23
localCOVID,Pudong,12,2022/3/24
localCOVID,Pudong,31,2022/3/25
localCOVID,Pudong,1,2022/3/26
localCOVID,Pudong,4,2022/3/27
localCOVID,Pudong,39,2022/3/28
localCOVID,Pudong,169,2022/3/29
localCOVID,Pudong,249,2022/3/30
localCOVID,Pudong,180,2022/3/31
localCOVID,Pudong,79,2022/4/1
localCOVID,Pudong,107,2022/4/2
localCOVID,Pudong,140,2022/4/3
localCOVID,Pudong,205,2022/4/4
localCOVID,Pudong,162,2022/4/5
localCOVID,Pudong,151,2022/4/6
localCOVID,Pudong,307,2022/4/7
localCOVID,Pudong,348,2022/4/8
localCOVID,Pudong,517,2022/4/9
localCOVID,Pudong,212,2022/4/10
localCOVID,Pudong,493,2022/4/11
localCOVID,Pudong,192,2022/4/12
localCOVID,Pudong,1139,2022/4/13
localCOVID,Pudong,1252,2022/4/14
localCOVID,Pudong,1142,2022/4/15
localCOVID,Pudong,1002,2022/4/16
localCOVID,Pudong,521,2022/4/17
localCOVID,Pudong,1075,2022/4/18
localCOVID,Pudong,720,2022/4/19
localCOVID,Pudong,756,2022/4/20
localCOVID,Pudong,409,2022/4/21
localCOVID,Pudong,704,2022/4/22
localCOVID,Pudong,541,2022/4/23
localCOVID,Pudong,874,2022/4/24
localCOVID,Pudong,292,2022/4/25
localCOVID,Pudong,206,2022/4/26
localCOVID,Pudong,534,2022/4/27
localCOVID,Pudong,1456,2022/4/28
localCOVID,Pudong,131,2022/4/29
localCOVID,Pudong,37,2022/4/30
localCOVID,Pudong,132,2022/5/1
localCOVID,Pudong,38,2022/5/2
localCOVID,Pudong,49,2022/5/3
localCOVID,Pudong,50,2022/5/4
localCOVID,Pudong,28,2022/5/5
localCOVID,Pudong,33,2022/5/6
localCOVID,Pudong,28,2022/5/7
localCOVID,Pudong,34,2022/5/8
localCOVID,Pudong,20,2022/5/9
localCOVID,Pudong,16,2022/5/10
localCOVID,Pudong,10,2022/5/11
localCOVID,Pudong,17,2022/5/12
localCOVID,Pudong,15,2022/5/13
localCOVID,Pudong,13,2022/5/14
localCOVID,Pudong,3,2022/5/15
localCOVID,Pudong,3,2022/5/16
localCOVID,Pudong,11,2022/5/17
localCOVID,Jiading,0,2022/2/17
localCOVID,Jiading,0,2022/2/18
localCOVID,Jiading,0,2022/2/19
localCOVID,Jiading,0,2022/2/20
localCOVID,Jiading,0,2022/2/21
localCOVID,Jiading,0,2022/2/22
localCOVID,Jiading,0,2022/2/23
localCOVID,Jiading,0,2022/2/24
localCOVID,Jiading,0,2022/2/25
localCOVID,Jiading,0,2022/2/26
localCOVID,Jiading,0,2022/2/27
localCOVID,Jiading,0,2022/2/28
localCOVID,Jiading,0,2022/3/1
localCOVID,Jiading,0,2022/3/2
localCOVID,Jiading,0,2022/3/3
localCOVID,Jiading,2,2022/3/4
localCOVID,Jiading,0,2022/3/5
localCOVID,Jiading,0,2022/3/6
localCOVID,Jiading,0,2022/3/7
localCOVID,Jiading,1,2022/3/8
localCOVID,Jiading,0,2022/3/9
localCOVID,Jiading,1,2022/3/10
localCOVID,Jiading,1,2022/3/11
localCOVID,Jiading,0,2022/3/12
localCOVID,Jiading,6,2022/3/13
localCOVID,Jiading,0,2022/3/14
localCOVID,Jiading,0,2022/3/15
localCOVID,Jiading,4,2022/3/16
localCOVID,Jiading,4,2022/3/17
localCOVID,Jiading,0,2022/3/18
localCOVID,Jiading,2,2022/3/19
localCOVID,Jiading,1,2022/3/20
localCOVID,Jiading,5,2022/3/21
localCOVID,Jiading,2,2022/3/22
localCOVID,Jiading,1,2022/3/23
localCOVID,Jiading,1,2022/3/24
localCOVID,Jiading,0,2022/3/25
localCOVID,Jiading,9,2022/3/26
localCOVID,Jiading,3,2022/3/27
localCOVID,Jiading,2,2022/3/28
localCOVID,Jiading,9,2022/3/29
localCOVID,Jiading,9,2022/3/30
localCOVID,Jiading,7,2022/3/31
localCOVID,Jiading,9,2022/4/1
localCOVID,Jiading,27,2022/4/2
localCOVID,Jiading,14,2022/4/3
localCOVID,Jiading,4,2022/4/4
localCOVID,Jiading,11,2022/4/5
localCOVID,Jiading,6,2022/4/6
localCOVID,Jiading,23,2022/4/7
localCOVID,Jiading,116,2022/4/8
localCOVID,Jiading,21,2022/4/9
localCOVID,Jiading,71,2022/4/10
localCOVID,Jiading,43,2022/4/11
localCOVID,Jiading,42,2022/4/12
localCOVID,Jiading,54,2022/4/13
localCOVID,Jiading,200,2022/4/14
localCOVID,Jiading,173,2022/4/15
localCOVID,Jiading,103,2022/4/16
localCOVID,Jiading,356,2022/4/17
localCOVID,Jiading,72,2022/4/18
localCOVID,Jiading,104,2022/4/19
localCOVID,Jiading,82,2022/4/20
localCOVID,Jiading,80,2022/4/21
localCOVID,Jiading,76,2022/4/22
localCOVID,Jiading,73,2022/4/23
localCOVID,Jiading,132,2022/4/24
localCOVID,Jiading,58,2022/4/25
localCOVID,Jiading,89,2022/4/26
localCOVID,Jiading,13,2022/4/27
localCOVID,Jiading,132,2022/4/28
localCOVID,Jiading,22,2022/4/29
localCOVID,Jiading,41,2022/4/30
localCOVID,Jiading,14,2022/5/1
localCOVID,Jiading,4,2022/5/2
localCOVID,Jiading,4,2022/5/3
localCOVID,Jiading,4,2022/5/4
localCOVID,Jiading,9,2022/5/5
localCOVID,Jiading,3,2022/5/6
localCOVID,Jiading,11,2022/5/7
localCOVID,Jiading,27,2022/5/8
localCOVID,Jiading,17,2022/5/9
localCOVID,Jiading,20,2022/5/10
localCOVID,Jiading,18,2022/5/11
localCOVID,Jiading,42,2022/5/12
localCOVID,Jiading,26,2022/5/13
localCOVID,Jiading,52,2022/5/14
localCOVID,Jiading,10,2022/5/15
localCOVID,Jiading,9,2022/5/16
localCOVID,Jiading,9,2022/5/17
localCOVID,Songjiang,0,2022/2/17
localCOVID,Songjiang,0,2022/2/18
localCOVID,Songjiang,0,2022/2/19
localCOVID,Songjiang,0,2022/2/20
localCOVID,Songjiang,0,2022/2/21
localCOVID,Songjiang,0,2022/2/22
localCOVID,Songjiang,0,2022/2/23
localCOVID,Songjiang,0,2022/2/24
localCOVID,Songjiang,0,2022/2/25
localCOVID,Songjiang,0,2022/2/26
localCOVID,Songjiang,0,2022/2/27
localCOVID,Songjiang,0,2022/2/28
localCOVID,Songjiang,0,2022/3/1
localCOVID,Songjiang,0,2022/3/2
localCOVID,Songjiang,2,2022/3/3
localCOVID,Songjiang,0,2022/3/4
localCOVID,Songjiang,0,2022/3/5
localCOVID,Songjiang,0,2022/3/6
localCOVID,Songjiang,0,2022/3/7
localCOVID,Songjiang,0,2022/3/8
localCOVID,Songjiang,0,2022/3/9
localCOVID,Songjiang,0,2022/3/10
localCOVID,Songjiang,0,2022/3/11
localCOVID,Songjiang,0,2022/3/12
localCOVID,Songjiang,0,2022/3/13
localCOVID,Songjiang,1,2022/3/14
localCOVID,Songjiang,0,2022/3/15
localCOVID,Songjiang,0,2022/3/16
localCOVID,Songjiang,0,2022/3/17
localCOVID,Songjiang,1,2022/3/18
localCOVID,Songjiang,0,2022/3/19
localCOVID,Songjiang,0,2022/3/20
localCOVID,Songjiang,1,2022/3/21
localCOVID,Songjiang,0,2022/3/22
localCOVID,Songjiang,0,2022/3/23
localCOVID,Songjiang,0,2022/3/24
localCOVID,Songjiang,1,2022/3/25
localCOVID,Songjiang,0,2022/3/26
localCOVID,Songjiang,1,2022/3/27
localCOVID,Songjiang,4,2022/3/28
localCOVID,Songjiang,15,2022/3/29
localCOVID,Songjiang,8,2022/3/30
localCOVID,Songjiang,5,2022/3/31
localCOVID,Songjiang,19,2022/4/1
localCOVID,Songjiang,8,2022/4/2
localCOVID,Songjiang,6,2022/4/3
localCOVID,Songjiang,6,2022/4/4
localCOVID,Songjiang,14,2022/4/5
localCOVID,Songjiang,2,2022/4/6
localCOVID,Songjiang,107,2022/4/7
localCOVID,Songjiang,108,2022/4/8
localCOVID,Songjiang,10,2022/4/9
localCOVID,Songjiang,291,2022/4/10
localCOVID,Songjiang,21,2022/4/11
localCOVID,Songjiang,77,2022/4/12
localCOVID,Songjiang,131,2022/4/13
localCOVID,Songjiang,178,2022/4/14
localCOVID,Songjiang,198,2022/4/15
localCOVID,Songjiang,87,2022/4/16
localCOVID,Songjiang,153,2022/4/17
localCOVID,Songjiang,191,2022/4/18
localCOVID,Songjiang,58,2022/4/19
localCOVID,Songjiang,165,2022/4/20
localCOVID,Songjiang,22,2022/4/21
localCOVID,Songjiang,120,2022/4/22
localCOVID,Songjiang,32,2022/4/23
localCOVID,Songjiang,166,2022/4/24
localCOVID,Songjiang,108,2022/4/25
localCOVID,Songjiang,29,2022/4/26
localCOVID,Songjiang,52,2022/4/27
localCOVID,Songjiang,252,2022/4/28
localCOVID,Songjiang,24,2022/4/29
localCOVID,Songjiang,29,2022/4/30
localCOVID,Songjiang,12,2022/5/1
localCOVID,Songjiang,29,2022/5/2
localCOVID,Songjiang,34,2022/5/3
localCOVID,Songjiang,55,2022/5/4
localCOVID,Songjiang,38,2022/5/5
localCOVID,Songjiang,5,2022/5/6
localCOVID,Songjiang,22,2022/5/7
localCOVID,Songjiang,13,2022/5/8
localCOVID,Songjiang,7,2022/5/9
localCOVID,Songjiang,6,2022/5/10
localCOVID,Songjiang,4,2022/5/11
localCOVID,Songjiang,7,2022/5/12
localCOVID,Songjiang,3,2022/5/13
localCOVID,Songjiang,0,2022/5/14
localCOVID,Songjiang,1,2022/5/15
localCOVID,Songjiang,2,2022/5/16
localCOVID,Songjiang,7,2022/5/17
localCOVID,Huangpu,0,2022/2/17
localCOVID,Huangpu,0,2022/2/18
localCOVID,Huangpu,0,2022/2/19
localCOVID,Huangpu,0,2022/2/20
localCOVID,Huangpu,0,2022/2/21
localCOVID,Huangpu,0,2022/2/22
localCOVID,Huangpu,0,2022/2/23
localCOVID,Huangpu,0,2022/2/24
localCOVID,Huangpu,0,2022/2/25
localCOVID,Huangpu,0,2022/2/26
localCOVID,Huangpu,0,2022/2/27
localCOVID,Huangpu,0,2022/2/28
localCOVID,Huangpu,0,2022/3/1
localCOVID,Huangpu,0,2022/3/2
localCOVID,Huangpu,0,2022/3/3
localCOVID,Huangpu,0,2022/3/4
localCOVID,Huangpu,0,2022/3/5
localCOVID,Huangpu,0,2022/3/6
localCOVID,Huangpu,0,2022/3/7
localCOVID,Huangpu,0,2022/3/8
localCOVID,Huangpu,0,2022/3/9
localCOVID,Huangpu,0,2022/3/10
localCOVID,Huangpu,0,2022/3/11
localCOVID,Huangpu,0,2022/3/12
localCOVID,Huangpu,4,2022/3/13
localCOVID,Huangpu,2,2022/3/14
localCOVID,Huangpu,0,2022/3/15
localCOVID,Huangpu,1,2022/3/16
localCOVID,Huangpu,11,2022/3/17
localCOVID,Huangpu,0,2022/3/18
localCOVID,Huangpu,0,2022/3/19
localCOVID,Huangpu,2,2022/3/20
localCOVID,Huangpu,0,2022/3/21
localCOVID,Huangpu,0,2022/3/22
localCOVID,Huangpu,0,2022/3/23
localCOVID,Huangpu,0,2022/3/24
localCOVID,Huangpu,0,2022/3/25
localCOVID,Huangpu,0,2022/3/26
localCOVID,Huangpu,1,2022/3/27
localCOVID,Huangpu,1,2022/3/28
localCOVID,Huangpu,6,2022/3/29
localCOVID,Huangpu,16,2022/3/30
localCOVID,Huangpu,7,2022/3/31
localCOVID,Huangpu,5,2022/4/1
localCOVID,Huangpu,27,2022/4/2
localCOVID,Huangpu,14,2022/4/3
localCOVID,Huangpu,8,2022/4/4
localCOVID,Huangpu,16,2022/4/5
localCOVID,Huangpu,9,2022/4/6
localCOVID,Huangpu,14,2022/4/7
localCOVID,Huangpu,41,2022/4/8
localCOVID,Huangpu,101,2022/4/9
localCOVID,Huangpu,36,2022/4/10
localCOVID,Huangpu,117,2022/4/11
localCOVID,Huangpu,74,2022/4/12
localCOVID,Huangpu,227,2022/4/13
localCOVID,Huangpu,268,2022/4/14
localCOVID,Huangpu,246,2022/4/15
localCOVID,Huangpu,188,2022/4/16
localCOVID,Huangpu,186,2022/4/17
localCOVID,Huangpu,362,2022/4/18
localCOVID,Huangpu,368,2022/4/19
localCOVID,Huangpu,252,2022/4/20
localCOVID,Huangpu,192,2022/4/21
localCOVID,Huangpu,435,2022/4/22
localCOVID,Huangpu,96,2022/4/23
localCOVID,Huangpu,317,2022/4/24
localCOVID,Huangpu,156,2022/4/25
localCOVID,Huangpu,301,2022/4/26
localCOVID,Huangpu,135,2022/4/27
localCOVID,Huangpu,1370,2022/4/28
localCOVID,Huangpu,250,2022/4/29
localCOVID,Huangpu,110,2022/4/30
localCOVID,Huangpu,128,2022/5/1
localCOVID,Huangpu,17,2022/5/2
localCOVID,Huangpu,27,2022/5/3
localCOVID,Huangpu,21,2022/5/4
localCOVID,Huangpu,35,2022/5/5
localCOVID,Huangpu,60,2022/5/6
localCOVID,Huangpu,37,2022/5/7
localCOVID,Huangpu,60,2022/5/8
localCOVID,Huangpu,36,2022/5/9
localCOVID,Huangpu,19,2022/5/10
localCOVID,Huangpu,19,2022/5/11
localCOVID,Huangpu,23,2022/5/12
localCOVID,Huangpu,24,2022/5/13
localCOVID,Huangpu,18,2022/5/14
localCOVID,Huangpu,10,2022/5/15
localCOVID,Huangpu,10,2022/5/16
localCOVID,Huangpu,6,2022/5/17
localCOVID,Hongkou,0,2022/2/17
localCOVID,Hongkou,0,2022/2/18
localCOVID,Hongkou,0,2022/2/19
localCOVID,Hongkou,0,2022/2/20
localCOVID,Hongkou,0,2022/2/21
localCOVID,Hongkou,0,2022/2/22
localCOVID,Hongkou,0,2022/2/23
localCOVID,Hongkou,0,2022/2/24
localCOVID,Hongkou,0,2022/2/25
localCOVID,Hongkou,0,2022/2/26
localCOVID,Hongkou,0,2022/2/27
localCOVID,Hongkou,0,2022/2/28
localCOVID,Hongkou,0,2022/3/1
localCOVID,Hongkou,0,2022/3/2
localCOVID,Hongkou,0,2022/3/3
localCOVID,Hongkou,0,2022/3/4
localCOVID,Hongkou,0,2022/3/5
localCOVID,Hongkou,0,2022/3/6
localCOVID,Hongkou,0,2022/3/7
localCOVID,Hongkou,0,2022/3/8
localCOVID,Hongkou,0,2022/3/9
localCOVID,Hongkou,2,2022/3/10
localCOVID,Hongkou,0,2022/3/11
localCOVID,Hongkou,0,2022/3/12
localCOVID,Hongkou,1,2022/3/13
localCOVID,Hongkou,1,2022/3/14
localCOVID,Hongkou,0,2022/3/15
localCOVID,Hongkou,0,2022/3/16
localCOVID,Hongkou,0,2022/3/17
localCOVID,Hongkou,0,2022/3/18
localCOVID,Hongkou,1,2022/3/19
localCOVID,Hongkou,0,2022/3/20
localCOVID,Hongkou,0,2022/3/21
localCOVID,Hongkou,0,2022/3/22
localCOVID,Hongkou,0,2022/3/23
localCOVID,Hongkou,0,2022/3/24
localCOVID,Hongkou,0,2022/3/25
localCOVID,Hongkou,1,2022/3/26
localCOVID,Hongkou,1,2022/3/27
localCOVID,Hongkou,4,2022/3/28
localCOVID,Hongkou,7,2022/3/29
localCOVID,Hongkou,1,2022/3/30
localCOVID,Hongkou,8,2022/3/31
localCOVID,Hongkou,3,2022/4/1
localCOVID,Hongkou,31,2022/4/2
localCOVID,Hongkou,11,2022/4/3
localCOVID,Hongkou,5,2022/4/4
localCOVID,Hongkou,8,2022/4/5
localCOVID,Hongkou,1,2022/4/6
localCOVID,Hongkou,26,2022/4/7
localCOVID,Hongkou,18,2022/4/8
localCOVID,Hongkou,12,2022/4/9
localCOVID,Hongkou,6,2022/4/10
localCOVID,Hongkou,25,2022/4/11
localCOVID,Hongkou,83,2022/4/12
localCOVID,Hongkou,121,2022/4/13
localCOVID,Hongkou,174,2022/4/14
localCOVID,Hongkou,287,2022/4/15
localCOVID,Hongkou,157,2022/4/16
localCOVID,Hongkou,266,2022/4/17
localCOVID,Hongkou,233,2022/4/18
localCOVID,Hongkou,148,2022/4/19
localCOVID,Hongkou,102,2022/4/20
localCOVID,Hongkou,103,2022/4/21
localCOVID,Hongkou,428,2022/4/22
localCOVID,Hongkou,82,2022/4/23
localCOVID,Hongkou,106,2022/4/24
localCOVID,Hongkou,138,2022/4/25
localCOVID,Hongkou,37,2022/4/26
localCOVID,Hongkou,68,2022/4/27
localCOVID,Hongkou,469,2022/4/28
localCOVID,Hongkou,22,2022/4/29
localCOVID,Hongkou,47,2022/4/30
localCOVID,Hongkou,69,2022/5/1
localCOVID,Hongkou,18,2022/5/2
localCOVID,Hongkou,11,2022/5/3
localCOVID,Hongkou,16,2022/5/4
localCOVID,Hongkou,15,2022/5/5
localCOVID,Hongkou,17,2022/5/6
localCOVID,Hongkou,24,2022/5/7
localCOVID,Hongkou,54,2022/5/8
localCOVID,Hongkou,31,2022/5/9
localCOVID,Hongkou,48,2022/5/10
localCOVID,Hongkou,18,2022/5/11
localCOVID,Hongkou,24,2022/5/12
localCOVID,Hongkou,17,2022/5/13
localCOVID,Hongkou,3,2022/5/14
localCOVID,Hongkou,12,2022/5/15
localCOVID,Hongkou,2,2022/5/16
localCOVID,Hongkou,6,2022/5/17
localCOVID,Xuhui,0,2022/2/17
localCOVID,Xuhui,0,2022/2/18
localCOVID,Xuhui,0,2022/2/19
localCOVID,Xuhui,0,2022/2/20
localCOVID,Xuhui,0,2022/2/21
localCOVID,Xuhui,0,2022/2/22
localCOVID,Xuhui,0,2022/2/23
localCOVID,Xuhui,0,2022/2/24
localCOVID,Xuhui,0,2022/2/25
localCOVID,Xuhui,0,2022/2/26
localCOVID,Xuhui,0,2022/2/27
localCOVID,Xuhui,0,2022/2/28
localCOVID,Xuhui,0,2022/3/1
localCOVID,Xuhui,0,2022/3/2
localCOVID,Xuhui,0,2022/3/3
localCOVID,Xuhui,0,2022/3/4
localCOVID,Xuhui,0,2022/3/5
localCOVID,Xuhui,3,2022/3/6
localCOVID,Xuhui,4,2022/3/7
localCOVID,Xuhui,0,2022/3/8
localCOVID,Xuhui,1,2022/3/9
localCOVID,Xuhui,2,2022/3/10
localCOVID,Xuhui,2,2022/3/11
localCOVID,Xuhui,0,2022/3/12
localCOVID,Xuhui,4,2022/3/13
localCOVID,Xuhui,3,2022/3/14
localCOVID,Xuhui,2,2022/3/15
localCOVID,Xuhui,2,2022/3/16
localCOVID,Xuhui,8,2022/3/17
localCOVID,Xuhui,1,2022/3/18
localCOVID,Xuhui,0,2022/3/19
localCOVID,Xuhui,1,2022/3/20
localCOVID,Xuhui,4,2022/3/21
localCOVID,Xuhui,2,2022/3/22
localCOVID,Xuhui,0,2022/3/23
localCOVID,Xuhui,2,2022/3/24
localCOVID,Xuhui,1,2022/3/25
localCOVID,Xuhui,5,2022/3/26
localCOVID,Xuhui,6,2022/3/27
localCOVID,Xuhui,6,2022/3/28
localCOVID,Xuhui,34,2022/3/29
localCOVID,Xuhui,15,2022/3/30
localCOVID,Xuhui,20,2022/3/31
localCOVID,Xuhui,37,2022/4/1
localCOVID,Xuhui,44,2022/4/2
localCOVID,Xuhui,34,2022/4/3
localCOVID,Xuhui,8,2022/4/4
localCOVID,Xuhui,23,2022/4/5
localCOVID,Xuhui,19,2022/4/6
localCOVID,Xuhui,43,2022/4/7
localCOVID,Xuhui,114,2022/4/8
localCOVID,Xuhui,44,2022/4/9
localCOVID,Xuhui,28,2022/4/10
localCOVID,Xuhui,48,2022/4/11
localCOVID,Xuhui,56,2022/4/12
localCOVID,Xuhui,143,2022/4/13
localCOVID,Xuhui,293,2022/4/14
localCOVID,Xuhui,277,2022/4/15
localCOVID,Xuhui,170,2022/4/16
localCOVID,Xuhui,167,2022/4/17
localCOVID,Xuhui,68,2022/4/18
localCOVID,Xuhui,144,2022/4/19
localCOVID,Xuhui,191,2022/4/20
localCOVID,Xuhui,347,2022/4/21
localCOVID,Xuhui,123,2022/4/22
localCOVID,Xuhui,91,2022/4/23
localCOVID,Xuhui,228,2022/4/24
localCOVID,Xuhui,209,2022/4/25
localCOVID,Xuhui,173,2022/4/26
localCOVID,Xuhui,212,2022/4/27
localCOVID,Xuhui,527,2022/4/28
localCOVID,Xuhui,214,2022/4/29
localCOVID,Xuhui,136,2022/4/30
localCOVID,Xuhui,71,2022/5/1
localCOVID,Xuhui,38,2022/5/2
localCOVID,Xuhui,26,2022/5/3
localCOVID,Xuhui,13,2022/5/4
localCOVID,Xuhui,9,2022/5/5
localCOVID,Xuhui,19,2022/5/6
localCOVID,Xuhui,10,2022/5/7
localCOVID,Xuhui,22,2022/5/8
localCOVID,Xuhui,21,2022/5/9
localCOVID,Xuhui,23,2022/5/10
localCOVID,Xuhui,9,2022/5/11
localCOVID,Xuhui,5,2022/5/12
localCOVID,Xuhui,23,2022/5/13
localCOVID,Xuhui,2,2022/5/14
localCOVID,Xuhui,4,2022/5/15
localCOVID,Xuhui,0,2022/5/16
localCOVID,Xuhui,4,2022/5/17
localCOVID,Minhang,0,2022/2/17
localCOVID,Minhang,0,2022/2/18
localCOVID,Minhang,0,2022/2/19
localCOVID,Minhang,0,2022/2/20
localCOVID,Minhang,0,2022/2/21
localCOVID,Minhang,0,2022/2/22
localCOVID,Minhang,0,2022/2/23
localCOVID,Minhang,0,2022/2/24
localCOVID,Minhang,0,2022/2/25
localCOVID,Minhang,0,2022/2/26
localCOVID,Minhang,0,2022/2/27
localCOVID,Minhang,0,2022/2/28
localCOVID,Minhang,0,2022/3/1
localCOVID,Minhang,0,2022/3/2
localCOVID,Minhang,0,2022/3/3
localCOVID,Minhang,1,2022/3/4
localCOVID,Minhang,0,2022/3/5
localCOVID,Minhang,0,2022/3/6
localCOVID,Minhang,0,2022/3/7
localCOVID,Minhang,1,2022/3/8
localCOVID,Minhang,0,2022/3/9
localCOVID,Minhang,2,2022/3/10
localCOVID,Minhang,1,2022/3/11
localCOVID,Minhang,1,2022/3/12
localCOVID,Minhang,7,2022/3/13
localCOVID,Minhang,1,2022/3/14
localCOVID,Minhang,1,2022/3/15
localCOVID,Minhang,1,2022/3/16
localCOVID,Minhang,0,2022/3/17
localCOVID,Minhang,1,2022/3/18
localCOVID,Minhang,4,2022/3/19
localCOVID,Minhang,18,2022/3/20
localCOVID,Minhang,10,2022/3/21
localCOVID,Minhang,0,2022/3/22
localCOVID,Minhang,2,2022/3/23
localCOVID,Minhang,0,2022/3/24
localCOVID,Minhang,4,2022/3/25
localCOVID,Minhang,15,2022/3/26
localCOVID,Minhang,20,2022/3/27
localCOVID,Minhang,9,2022/3/28
localCOVID,Minhang,29,2022/3/29
localCOVID,Minhang,19,2022/3/30
localCOVID,Minhang,59,2022/3/31
localCOVID,Minhang,57,2022/4/1
localCOVID,Minhang,57,2022/4/2
localCOVID,Minhang,68,2022/4/3
localCOVID,Minhang,11,2022/4/4
localCOVID,Minhang,23,2022/4/5
localCOVID,Minhang,21,2022/4/6
localCOVID,Minhang,95,2022/4/7
localCOVID,Minhang,62,2022/4/8
localCOVID,Minhang,88,2022/4/9
localCOVID,Minhang,102,2022/4/10
localCOVID,Minhang,68,2022/4/11
localCOVID,Minhang,280,2022/4/12
localCOVID,Minhang,372,2022/4/13
localCOVID,Minhang,274,2022/4/14
localCOVID,Minhang,301,2022/4/15
localCOVID,Minhang,890,2022/4/16
localCOVID,Minhang,106,2022/4/17
localCOVID,Minhang,312,2022/4/18
localCOVID,Minhang,389,2022/4/19
localCOVID,Minhang,291,2022/4/20
localCOVID,Minhang,153,2022/4/21
localCOVID,Minhang,208,2022/4/22
localCOVID,Minhang,108,2022/4/23
localCOVID,Minhang,143,2022/4/24
localCOVID,Minhang,61,2022/4/25
localCOVID,Minhang,71,2022/4/26
localCOVID,Minhang,51,2022/4/27
localCOVID,Minhang,70,2022/4/28
localCOVID,Minhang,144,2022/4/29
localCOVID,Minhang,53,2022/4/30
localCOVID,Minhang,29,2022/5/1
localCOVID,Minhang,28,2022/5/2
localCOVID,Minhang,15,2022/5/3
localCOVID,Minhang,25,2022/5/4
localCOVID,Minhang,9,2022/5/5
localCOVID,Minhang,28,2022/5/6
localCOVID,Minhang,13,2022/5/7
localCOVID,Minhang,9,2022/5/8
localCOVID,Minhang,13,2022/5/9
localCOVID,Minhang,7,2022/5/10
localCOVID,Minhang,3,2022/5/11
localCOVID,Minhang,15,2022/5/12
localCOVID,Minhang,12,2022/5/13
localCOVID,Minhang,6,2022/5/14
localCOVID,Minhang,0,2022/5/15
localCOVID,Minhang,9,2022/5/16
localCOVID,Minhang,2,2022/5/17
localCOVID,Changning,0,2022/2/17
localCOVID,Changning,0,2022/2/18
localCOVID,Changning,0,2022/2/19
localCOVID,Changning,0,2022/2/20
localCOVID,Changning,0,2022/2/21
localCOVID,Changning,0,2022/2/22
localCOVID,Changning,0,2022/2/23
localCOVID,Changning,0,2022/2/24
localCOVID,Changning,0,2022/2/25
localCOVID,Changning,0,2022/2/26
localCOVID,Changning,0,2022/2/27
localCOVID,Changning,0,2022/2/28
localCOVID,Changning,0,2022/3/1
localCOVID,Changning,0,2022/3/2
localCOVID,Changning,0,2022/3/3
localCOVID,Changning,0,2022/3/4
localCOVID,Changning,0,2022/3/5
localCOVID,Changning,0,2022/3/6
localCOVID,Changning,0,2022/3/7
localCOVID,Changning,0,2022/3/8
localCOVID,Changning,0,2022/3/9
localCOVID,Changning,0,2022/3/10
localCOVID,Changning,0,2022/3/11
localCOVID,Changning,0,2022/3/12
localCOVID,Changning,0,2022/3/13
localCOVID,Changning,0,2022/3/14
localCOVID,Changning,0,2022/3/15
localCOVID,Changning,0,2022/3/16
localCOVID,Changning,0,2022/3/17
localCOVID,Changning,0,2022/3/18
localCOVID,Changning,0,2022/3/19
localCOVID,Changning,1,2022/3/20
localCOVID,Changning,0,2022/3/21
localCOVID,Changning,0,2022/3/22
localCOVID,Changning,0,2022/3/23
localCOVID,Changning,0,2022/3/24
localCOVID,Changning,0,2022/3/25
localCOVID,Changning,2,2022/3/26
localCOVID,Changning,0,2022/3/27
localCOVID,Changning,7,2022/3/28
localCOVID,Changning,3,2022/3/29
localCOVID,Changning,8,2022/3/30
localCOVID,Changning,43,2022/3/31
localCOVID,Changning,0,2022/4/1
localCOVID,Changning,6,2022/4/2
localCOVID,Changning,14,2022/4/3
localCOVID,Changning,1,2022/4/4
localCOVID,Changning,6,2022/4/5
localCOVID,Changning,31,2022/4/6
localCOVID,Changning,29,2022/4/7
localCOVID,Changning,20,2022/4/8
localCOVID,Changning,26,2022/4/9
localCOVID,Changning,23,2022/4/10
localCOVID,Changning,25,2022/4/11
localCOVID,Changning,90,2022/4/12
localCOVID,Changning,105,2022/4/13
localCOVID,Changning,148,2022/4/14
localCOVID,Changning,233,2022/4/15
localCOVID,Changning,127,2022/4/16
localCOVID,Changning,62,2022/4/17
localCOVID,Changning,193,2022/4/18
localCOVID,Changning,53,2022/4/19
localCOVID,Changning,123,2022/4/20
localCOVID,Changning,85,2022/4/21
localCOVID,Changning,164,2022/4/22
localCOVID,Changning,69,2022/4/23
localCOVID,Changning,76,2022/4/24
localCOVID,Changning,97,2022/4/25
localCOVID,Changning,64,2022/4/26
localCOVID,Changning,19,2022/4/27
localCOVID,Changning,263,2022/4/28
localCOVID,Changning,58,2022/4/29
localCOVID,Changning,40,2022/4/30
localCOVID,Changning,33,2022/5/1
localCOVID,Changning,4,2022/5/2
localCOVID,Changning,6,2022/5/3
localCOVID,Changning,5,2022/5/4
localCOVID,Changning,1,2022/5/5
localCOVID,Changning,7,2022/5/6
localCOVID,Changning,3,2022/5/7
localCOVID,Changning,7,2022/5/8
localCOVID,Changning,1,2022/5/9
localCOVID,Changning,2,2022/5/10
localCOVID,Changning,1,2022/5/11
localCOVID,Changning,0,2022/5/12
localCOVID,Changning,0,2022/5/13
localCOVID,Changning,2,2022/5/14
localCOVID,Changning,0,2022/5/15
localCOVID,Changning,0,2022/5/16
localCOVID,Changning,2,2022/5/17
localCOVID,Putuo,0,2022/2/17
localCOVID,Putuo,0,2022/2/18
localCOVID,Putuo,0,2022/2/19
localCOVID,Putuo,0,2022/2/20
localCOVID,Putuo,0,2022/2/21
localCOVID,Putuo,0,2022/2/22
localCOVID,Putuo,0,2022/2/23
localCOVID,Putuo,0,2022/2/24
localCOVID,Putuo,0,2022/2/25
localCOVID,Putuo,0,2022/2/26
localCOVID,Putuo,0,2022/2/27
localCOVID,Putuo,0,2022/2/28
localCOVID,Putuo,1,2022/3/1
localCOVID,Putuo,3,2022/3/2
localCOVID,Putuo,0,2022/3/3
localCOVID,Putuo,0,2022/3/4
localCOVID,Putuo,0,2022/3/5
localCOVID,Putuo,0,2022/3/6
localCOVID,Putuo,0,2022/3/7
localCOVID,Putuo,0,2022/3/8
localCOVID,Putuo,0,2022/3/9
localCOVID,Putuo,0,2022/3/10
localCOVID,Putuo,0,2022/3/11
localCOVID,Putuo,0,2022/3/12
localCOVID,Putuo,1,2022/3/13
localCOVID,Putuo,0,2022/3/14
localCOVID,Putuo,0,2022/3/15
localCOVID,Putuo,0,2022/3/16
localCOVID,Putuo,5,2022/3/17
localCOVID,Putuo,0,2022/3/18
localCOVID,Putuo,0,2022/3/19
localCOVID,Putuo,0,2022/3/20
localCOVID,Putuo,1,2022/3/21
localCOVID,Putuo,0,2022/3/22
localCOVID,Putuo,0,2022/3/23
localCOVID,Putuo,2,2022/3/24
localCOVID,Putuo,1,2022/3/25
localCOVID,Putuo,1,2022/3/26
localCOVID,Putuo,4,2022/3/27
localCOVID,Putuo,3,2022/3/28
localCOVID,Putuo,6,2022/3/29
localCOVID,Putuo,6,2022/3/30
localCOVID,Putuo,6,2022/3/31
localCOVID,Putuo,13,2022/4/1
localCOVID,Putuo,38,2022/4/2
localCOVID,Putuo,21,2022/4/3
localCOVID,Putuo,4,2022/4/4
localCOVID,Putuo,7,2022/4/5
localCOVID,Putuo,27,2022/4/6
localCOVID,Putuo,11,2022/4/7
localCOVID,Putuo,21,2022/4/8
localCOVID,Putuo,24,2022/4/9
localCOVID,Putuo,7,2022/4/10
localCOVID,Putuo,37,2022/4/11
localCOVID,Putuo,50,2022/4/12
localCOVID,Putuo,45,2022/4/13
localCOVID,Putuo,45,2022/4/14
localCOVID,Putuo,66,2022/4/15
localCOVID,Putuo,145,2022/4/16
localCOVID,Putuo,330,2022/4/17
localCOVID,Putuo,21,2022/4/18
localCOVID,Putuo,100,2022/4/19
localCOVID,Putuo,49,2022/4/20
localCOVID,Putuo,94,2022/4/21
localCOVID,Putuo,71,2022/4/22
localCOVID,Putuo,39,2022/4/23
localCOVID,Putuo,43,2022/4/24
localCOVID,Putuo,47,2022/4/25
localCOVID,Putuo,104,2022/4/26
localCOVID,Putuo,24,2022/4/27
localCOVID,Putuo,96,2022/4/28
localCOVID,Putuo,55,2022/4/29
localCOVID,Putuo,27,2022/4/30
localCOVID,Putuo,12,2022/5/1
localCOVID,Putuo,1,2022/5/2
localCOVID,Putuo,8,2022/5/3
localCOVID,Putuo,3,2022/5/4
localCOVID,Putuo,1,2022/5/5
localCOVID,Putuo,5,2022/5/6
localCOVID,Putuo,5,2022/5/7
localCOVID,Putuo,5,2022/5/8
localCOVID,Putuo,7,2022/5/9
localCOVID,Putuo,5,2022/5/10
localCOVID,Putuo,2,2022/5/11
localCOVID,Putuo,2,2022/5/12
localCOVID,Putuo,4,2022/5/13
localCOVID,Putuo,2,2022/5/14
localCOVID,Putuo,2,2022/5/15
localCOVID,Putuo,2,2022/5/16
localCOVID,Putuo,0,2022/5/17
localCOVID,Qingpu,0,2022/2/17
localCOVID,Qingpu,0,2022/2/18
localCOVID,Qingpu,0,2022/2/19
localCOVID,Qingpu,0,2022/2/20
localCOVID,Qingpu,0,2022/2/21
localCOVID,Qingpu,0,2022/2/22
localCOVID,Qingpu,0,2022/2/23
localCOVID,Qingpu,0,2022/2/24
localCOVID,Qingpu,0,2022/2/25
localCOVID,Qingpu,0,2022/2/26
localCOVID,Qingpu,0,2022/2/27
localCOVID,Qingpu,0,2022/2/28
localCOVID,Qingpu,0,2022/3/1
localCOVID,Qingpu,0,2022/3/2
localCOVID,Qingpu,0,2022/3/3
localCOVID,Qingpu,0,2022/3/4
localCOVID,Qingpu,0,2022/3/5
localCOVID,Qingpu,0,2022/3/6
localCOVID,Qingpu,0,2022/3/7
localCOVID,Qingpu,0,2022/3/8
localCOVID,Qingpu,0,2022/3/9
localCOVID,Qingpu,0,2022/3/10
localCOVID,Qingpu,0,2022/3/11
localCOVID,Qingpu,0,2022/3/12
localCOVID,Qingpu,2,2022/3/13
localCOVID,Qingpu,0,2022/3/14
localCOVID,Qingpu,0,2022/3/15
localCOVID,Qingpu,0,2022/3/16
localCOVID,Qingpu,0,2022/3/17
localCOVID,Qingpu,0,2022/3/18
localCOVID,Qingpu,0,2022/3/19
localCOVID,Qingpu,0,2022/3/20
localCOVID,Qingpu,0,2022/3/21
localCOVID,Qingpu,0,2022/3/22
localCOVID,Qingpu,0,2022/3/23
localCOVID,Qingpu,0,2022/3/24
localCOVID,Qingpu,0,2022/3/25
localCOVID,Qingpu,0,2022/3/26
localCOVID,Qingpu,0,2022/3/27
localCOVID,Qingpu,2,2022/3/28
localCOVID,Qingpu,0,2022/3/29
localCOVID,Qingpu,5,2022/3/30
localCOVID,Qingpu,1,2022/3/31
localCOVID,Qingpu,0,2022/4/1
localCOVID,Qingpu,3,2022/4/2
localCOVID,Qingpu,3,2022/4/3
localCOVID,Qingpu,1,2022/4/4
localCOVID,Qingpu,6,2022/4/5
localCOVID,Qingpu,4,2022/4/6
localCOVID,Qingpu,4,2022/4/7
localCOVID,Qingpu,24,2022/4/8
localCOVID,Qingpu,9,2022/4/9
localCOVID,Qingpu,1,2022/4/10
localCOVID,Qingpu,7,2022/4/11
localCOVID,Qingpu,61,2022/4/12
localCOVID,Qingpu,99,2022/4/13
localCOVID,Qingpu,128,2022/4/14
localCOVID,Qingpu,131,2022/4/15
localCOVID,Qingpu,46,2022/4/16
localCOVID,Qingpu,17,2022/4/17
localCOVID,Qingpu,77,2022/4/18
localCOVID,Qingpu,72,2022/4/19
localCOVID,Qingpu,120,2022/4/20
localCOVID,Qingpu,60,2022/4/21
localCOVID,Qingpu,44,2022/4/22
localCOVID,Qingpu,26,2022/4/23
localCOVID,Qingpu,8,2022/4/24
localCOVID,Qingpu,44,2022/4/25
localCOVID,Qingpu,27,2022/4/26
localCOVID,Qingpu,4,2022/4/27
localCOVID,Qingpu,137,2022/4/28
localCOVID,Qingpu,46,2022/4/29
localCOVID,Qingpu,21,2022/4/30
localCOVID,Qingpu,24,2022/5/1
localCOVID,Qingpu,10,2022/5/2
localCOVID,Qingpu,2,2022/5/3
localCOVID,Qingpu,4,2022/5/4
localCOVID,Qingpu,0,2022/5/5
localCOVID,Qingpu,3,2022/5/6
localCOVID,Qingpu,3,2022/5/7
localCOVID,Qingpu,1,2022/5/8
localCOVID,Qingpu,2,2022/5/9
localCOVID,Qingpu,11,2022/5/10
localCOVID,Qingpu,3,2022/5/11
localCOVID,Qingpu,1,2022/5/12
localCOVID,Qingpu,9,2022/5/13
localCOVID,Qingpu,2,2022/5/14
localCOVID,Qingpu,1,2022/5/15
localCOVID,Qingpu,1,2022/5/16
localCOVID,Qingpu,0,2022/5/17
localCOVID,Chongming,0,2022/2/17
localCOVID,Chongming,0,2022/2/18
localCOVID,Chongming,0,2022/2/19
localCOVID,Chongming,0,2022/2/20
localCOVID,Chongming,0,2022/2/21
localCOVID,Chongming,0,2022/2/22
localCOVID,Chongming,0,2022/2/23
localCOVID,Chongming,0,2022/2/24
localCOVID,Chongming,0,2022/2/25
localCOVID,Chongming,0,2022/2/26
localCOVID,Chongming,0,2022/2/27
localCOVID,Chongming,0,2022/2/28
localCOVID,Chongming,0,2022/3/1
localCOVID,Chongming,0,2022/3/2
localCOVID,Chongming,0,2022/3/3
localCOVID,Chongming,0,2022/3/4
localCOVID,Chongming,0,2022/3/5
localCOVID,Chongming,0,2022/3/6
localCOVID,Chongming,0,2022/3/7
localCOVID,Chongming,0,2022/3/8
localCOVID,Chongming,0,2022/3/9
localCOVID,Chongming,0,2022/3/10
localCOVID,Chongming,0,2022/3/11
localCOVID,Chongming,0,2022/3/12
localCOVID,Chongming,0,2022/3/13
localCOVID,Chongming,0,2022/3/14
localCOVID,Chongming,0,2022/3/15
localCOVID,Chongming,0,2022/3/16
localCOVID,Chongming,0,2022/3/17
localCOVID,Chongming,0,2022/3/18
localCOVID,Chongming,1,2022/3/19
localCOVID,Chongming,0,2022/3/20
localCOVID,Chongming,2,2022/3/21
localCOVID,Chongming,0,2022/3/22
localCOVID,Chongming,0,2022/3/23
localCOVID,Chongming,0,2022/3/24
localCOVID,Chongming,0,2022/3/25
localCOVID,Chongming,0,2022/3/26
localCOVID,Chongming,0,2022/3/27
localCOVID,Chongming,0,2022/3/28
localCOVID,Chongming,1,2022/3/29
localCOVID,Chongming,0,2022/3/30
localCOVID,Chongming,1,2022/3/31
localCOVID,Chongming,1,2022/4/1
localCOVID,Chongming,3,2022/4/2
localCOVID,Chongming,1,2022/4/3
localCOVID,Chongming,0,2022/4/4
localCOVID,Chongming,2,2022/4/5
localCOVID,Chongming,0,2022/4/6
localCOVID,Chongming,2,2022/4/7
localCOVID,Chongming,3,2022/4/8
localCOVID,Chongming,4,2022/4/9
localCOVID,Chongming,0,2022/4/10
localCOVID,Chongming,6,2022/4/11
localCOVID,Chongming,29,2022/4/12
localCOVID,Chongming,7,2022/4/13
localCOVID,Chongming,29,2022/4/14
localCOVID,Chongming,51,2022/4/15
localCOVID,Chongming,13,2022/4/16
localCOVID,Chongming,9,2022/4/17
localCOVID,Chongming,5,2022/4/18
localCOVID,Chongming,25,2022/4/19
localCOVID,Chongming,8,2022/4/20
localCOVID,Chongming,24,2022/4/21
localCOVID,Chongming,14,2022/4/22
localCOVID,Chongming,26,2022/4/23
localCOVID,Chongming,27,2022/4/24
localCOVID,Chongming,36,2022/4/25
localCOVID,Chongming,14,2022/4/26
localCOVID,Chongming,26,2022/4/27
localCOVID,Chongming,3,2022/4/28
localCOVID,Chongming,0,2022/4/29
localCOVID,Chongming,1,2022/4/30
localCOVID,Chongming,1,2022/5/1
localCOVID,Chongming,0,2022/5/2
localCOVID,Chongming,0,2022/5/3
localCOVID,Chongming,1,2022/5/4
localCOVID,Chongming,3,2022/5/5
localCOVID,Chongming,1,2022/5/6
localCOVID,Chongming,0,2022/5/7
localCOVID,Chongming,3,2022/5/8
localCOVID,Chongming,3,2022/5/9
localCOVID,Chongming,0,2022/5/10
localCOVID,Chongming,0,2022/5/11
localCOVID,Chongming,3,2022/5/12
localCOVID,Chongming,0,2022/5/13
localCOVID,Chongming,0,2022/5/14
localCOVID,Chongming,0,2022/5/15
localCOVID,Chongming,0,2022/5/16
localCOVID,Chongming,0,2022/5/17
localCOVID,Jinshan,0,2022/2/17
localCOVID,Jinshan,0,2022/2/18
localCOVID,Jinshan,0,2022/2/19
localCOVID,Jinshan,0,2022/2/20
localCOVID,Jinshan,0,2022/2/21
localCOVID,Jinshan,0,2022/2/22
localCOVID,Jinshan,0,2022/2/23
localCOVID,Jinshan,0,2022/2/24
localCOVID,Jinshan,0,2022/2/25
localCOVID,Jinshan,0,2022/2/26
localCOVID,Jinshan,0,2022/2/27
localCOVID,Jinshan,0,2022/2/28
localCOVID,Jinshan,0,2022/3/1
localCOVID,Jinshan,0,2022/3/2
localCOVID,Jinshan,0,2022/3/3
localCOVID,Jinshan,0,2022/3/4
localCOVID,Jinshan,0,2022/3/5
localCOVID,Jinshan,0,2022/3/6
localCOVID,Jinshan,0,2022/3/7
localCOVID,Jinshan,0,2022/3/8
localCOVID,Jinshan,0,2022/3/9
localCOVID,Jinshan,0,2022/3/10
localCOVID,Jinshan,0,2022/3/11
localCOVID,Jinshan,0,2022/3/12
localCOVID,Jinshan,1,2022/3/13
localCOVID,Jinshan,0,2022/3/14
localCOVID,Jinshan,0,2022/3/15
localCOVID,Jinshan,0,2022/3/16
localCOVID,Jinshan,0,2022/3/17
localCOVID,Jinshan,2,2022/3/18
localCOVID,Jinshan,0,2022/3/19
localCOVID,Jinshan,0,2022/3/20
localCOVID,Jinshan,1,2022/3/21
localCOVID,Jinshan,0,2022/3/22
localCOVID,Jinshan,0,2022/3/23
localCOVID,Jinshan,0,2022/3/24
localCOVID,Jinshan,0,2022/3/25
localCOVID,Jinshan,0,2022/3/26
localCOVID,Jinshan,0,2022/3/27
localCOVID,Jinshan,1,2022/3/28
localCOVID,Jinshan,2,2022/3/29
localCOVID,Jinshan,0,2022/3/30
localCOVID,Jinshan,4,2022/3/31
localCOVID,Jinshan,3,2022/4/1
localCOVID,Jinshan,0,2022/4/2
localCOVID,Jinshan,4,2022/4/3
localCOVID,Jinshan,1,2022/4/4
localCOVID,Jinshan,1,2022/4/5
localCOVID,Jinshan,3,2022/4/6
localCOVID,Jinshan,72,2022/4/7
localCOVID,Jinshan,45,2022/4/8
localCOVID,Jinshan,44,2022/4/9
localCOVID,Jinshan,15,2022/4/10
localCOVID,Jinshan,3,2022/4/11
localCOVID,Jinshan,3,2022/4/12
localCOVID,Jinshan,12,2022/4/13
localCOVID,Jinshan,23,2022/4/14
localCOVID,Jinshan,21,2022/4/15
localCOVID,Jinshan,9,2022/4/16
localCOVID,Jinshan,5,2022/4/17
localCOVID,Jinshan,3,2022/4/18
localCOVID,Jinshan,1,2022/4/19
localCOVID,Jinshan,16,2022/4/20
localCOVID,Jinshan,8,2022/4/21
localCOVID,Jinshan,0,2022/4/22
localCOVID,Jinshan,0,2022/4/23
localCOVID,Jinshan,0,2022/4/24
localCOVID,Jinshan,0,2022/4/25
localCOVID,Jinshan,2,2022/4/26
localCOVID,Jinshan,10,2022/4/27
localCOVID,Jinshan,8,2022/4/28
localCOVID,Jinshan,1,2022/4/29
localCOVID,Jinshan,0,2022/4/30
localCOVID,Jinshan,2,2022/5/1
localCOVID,Jinshan,0,2022/5/2
localCOVID,Jinshan,0,2022/5/3
localCOVID,Jinshan,1,2022/5/4
localCOVID,Jinshan,1,2022/5/5
localCOVID,Jinshan,3,2022/5/6
localCOVID,Jinshan,0,2022/5/7
localCOVID,Jinshan,2,2022/5/8
localCOVID,Jinshan,0,2022/5/9
localCOVID,Jinshan,0,2022/5/10
localCOVID,Jinshan,0,2022/5/11
localCOVID,Jinshan,0,2022/5/12
localCOVID,Jinshan,0,2022/5/13
localCOVID,Jinshan,0,2022/5/14
localCOVID,Jinshan,1,2022/5/15
localCOVID,Jinshan,1,2022/5/16
localCOVID,Jinshan,0,2022/5/17
localCOVID,Fengxian,0,2022/2/17
localCOVID,Fengxian,0,2022/2/18
localCOVID,Fengxian,0,2022/2/19
localCOVID,Fengxian,0,2022/2/20
localCOVID,Fengxian,0,2022/2/21
localCOVID,Fengxian,0,2022/2/22
localCOVID,Fengxian,0,2022/2/23
localCOVID,Fengxian,0,2022/2/24
localCOVID,Fengxian,0,2022/2/25
localCOVID,Fengxian,0,2022/2/26
localCOVID,Fengxian,0,2022/2/27
localCOVID,Fengxian,0,2022/2/28
localCOVID,Fengxian,0,2022/3/1
localCOVID,Fengxian,0,2022/3/2
localCOVID,Fengxian,0,2022/3/3
localCOVID,Fengxian,0,2022/3/4
localCOVID,Fengxian,0,2022/3/5
localCOVID,Fengxian,0,2022/3/6
localCOVID,Fengxian,0,2022/3/7
localCOVID,Fengxian,0,2022/3/8
localCOVID,Fengxian,0,2022/3/9
localCOVID,Fengxian,0,2022/3/10
localCOVID,Fengxian,0,2022/3/11
localCOVID,Fengxian,0,2022/3/12
localCOVID,Fengxian,1,2022/3/13
localCOVID,Fengxian,0,2022/3/14
localCOVID,Fengxian,0,2022/3/15
localCOVID,Fengxian,0,2022/3/16
localCOVID,Fengxian,1,2022/3/17
localCOVID,Fengxian,0,2022/3/18
localCOVID,Fengxian,0,2022/3/19
localCOVID,Fengxian,0,2022/3/20
localCOVID,Fengxian,1,2022/3/21
localCOVID,Fengxian,0,2022/3/22
localCOVID,Fengxian,1,2022/3/23
localCOVID,Fengxian,0,2022/3/24
localCOVID,Fengxian,0,2022/3/25
localCOVID,Fengxian,0,2022/3/26
localCOVID,Fengxian,0,2022/3/27
localCOVID,Fengxian,0,2022/3/28
localCOVID,Fengxian,1,2022/3/29
localCOVID,Fengxian,7,2022/3/30
localCOVID,Fengxian,5,2022/3/31
localCOVID,Fengxian,2,2022/4/1
localCOVID,Fengxian,8,2022/4/2
localCOVID,Fengxian,4,2022/4/3
localCOVID,Fengxian,2,2022/4/4
localCOVID,Fengxian,2,2022/4/5
localCOVID,Fengxian,0,2022/4/6
localCOVID,Fengxian,31,2022/4/7
localCOVID,Fengxian,12,2022/4/8
localCOVID,Fengxian,13,2022/4/9
localCOVID,Fengxian,11,2022/4/10
localCOVID,Fengxian,4,2022/4/11
localCOVID,Fengxian,1,2022/4/12
localCOVID,Fengxian,2,2022/4/13
localCOVID,Fengxian,20,2022/4/14
localCOVID,Fengxian,23,2022/4/15
localCOVID,Fengxian,23,2022/4/16
localCOVID,Fengxian,1,2022/4/17
localCOVID,Fengxian,2,2022/4/18
localCOVID,Fengxian,2,2022/4/19
localCOVID,Fengxian,6,2022/4/20
localCOVID,Fengxian,14,2022/4/21
localCOVID,Fengxian,6,2022/4/22
localCOVID,Fengxian,1,2022/4/23
localCOVID,Fengxian,0,2022/4/24
localCOVID,Fengxian,3,2022/4/25
localCOVID,Fengxian,2,2022/4/26
localCOVID,Fengxian,0,2022/4/27
localCOVID,Fengxian,3,2022/4/28
localCOVID,Fengxian,1,2022/4/29
localCOVID,Fengxian,2,2022/4/30
localCOVID,Fengxian,1,2022/5/1
localCOVID,Fengxian,0,2022/5/2
localCOVID,Fengxian,0,2022/5/3
localCOVID,Fengxian,0,2022/5/4
localCOVID,Fengxian,0,2022/5/5
localCOVID,Fengxian,2,2022/5/6
localCOVID,Fengxian,0,2022/5/7
localCOVID,Fengxian,4,2022/5/8
localCOVID,Fengxian,1,2022/5/9
localCOVID,Fengxian,0,2022/5/10
localCOVID,Fengxian,0,2022/5/11
localCOVID,Fengxian,0,2022/5/12
localCOVID,Fengxian,0,2022/5/13
localCOVID,Fengxian,2,2022/5/14
localCOVID,Fengxian,0,2022/5/15
localCOVID,Fengxian,0,2022/5/16
localCOVID,Fengxian,0,2022/5/17
asymptomatic,Yangpu,0,2022/2/17
asymptomatic,Yangpu,0,2022/2/18
asymptomatic,Yangpu,0,2022/2/19
asymptomatic,Yangpu,0,2022/2/20
asymptomatic,Yangpu,0,2022/2/21
asymptomatic,Yangpu,0,2022/2/22
asymptomatic,Yangpu,0,2022/2/23
asymptomatic,Yangpu,0,2022/2/24
asymptomatic,Yangpu,0,2022/2/25
asymptomatic,Yangpu,0,2022/2/26
asymptomatic,Yangpu,0,2022/2/27
asymptomatic,Yangpu,0,2022/2/28
asymptomatic,Yangpu,0,2022/3/1
asymptomatic,Yangpu,0,2022/3/2
asymptomatic,Yangpu,0,2022/3/3
asymptomatic,Yangpu,0,2022/3/4
asymptomatic,Yangpu,0,2022/3/5
asymptomatic,Yangpu,0,2022/3/6
asymptomatic,Yangpu,1,2022/3/7
asymptomatic,Yangpu,0,2022/3/8
asymptomatic,Yangpu,2,2022/3/9
asymptomatic,Yangpu,0,2022/3/10
asymptomatic,Yangpu,0,2022/3/11
asymptomatic,Yangpu,0,2022/3/12
asymptomatic,Yangpu,3,2022/3/13
asymptomatic,Yangpu,0,2022/3/14
asymptomatic,Yangpu,0,2022/3/15
asymptomatic,Yangpu,2,2022/3/16
asymptomatic,Yangpu,2,2022/3/17
asymptomatic,Yangpu,8,2022/3/18
asymptomatic,Yangpu,14,2022/3/19
asymptomatic,Yangpu,0,2022/3/20
asymptomatic,Yangpu,10,2022/3/21
asymptomatic,Yangpu,3,2022/3/22
asymptomatic,Yangpu,11,2022/3/23
asymptomatic,Yangpu,20,2022/3/24
asymptomatic,Yangpu,11,2022/3/25
asymptomatic,Yangpu,22,2022/3/26
asymptomatic,Yangpu,35,2022/3/27
asymptomatic,Yangpu,49,2022/3/28
asymptomatic,Yangpu,95,2022/3/29
asymptomatic,Yangpu,96,2022/3/30
asymptomatic,Yangpu,169,2022/3/31
asymptomatic,Yangpu,124,2022/4/1
asymptomatic,Yangpu,256,2022/4/2
asymptomatic,Yangpu,344,2022/4/3
asymptomatic,Yangpu,215,2022/4/4
asymptomatic,Yangpu,615,2022/4/5
asymptomatic,Yangpu,621,2022/4/6
asymptomatic,Yangpu,572,2022/4/7
asymptomatic,Yangpu,689,2022/4/8
asymptomatic,Yangpu,1048,2022/4/9
asymptomatic,Yangpu,1816,2022/4/10
asymptomatic,Yangpu,1390,2022/4/11
asymptomatic,Yangpu,1099,2022/4/12
asymptomatic,Yangpu,1131,2022/4/13
asymptomatic,Yangpu,769,2022/4/14
asymptomatic,Yangpu,1136,2022/4/15
asymptomatic,Yangpu,776,2022/4/16
asymptomatic,Yangpu,861,2022/4/17
asymptomatic,Yangpu,417,2022/4/18
asymptomatic,Yangpu,702,2022/4/19
asymptomatic,Yangpu,1803,2022/4/20
asymptomatic,Yangpu,489,2022/4/21
asymptomatic,Yangpu,1268,2022/4/22
asymptomatic,Yangpu,1235,2022/4/23
asymptomatic,Yangpu,1160,2022/4/24
asymptomatic,Yangpu,1179,2022/4/25
asymptomatic,Yangpu,1059,2022/4/26
asymptomatic,Yangpu,466,2022/4/27
asymptomatic,Yangpu,733,2022/4/28
asymptomatic,Yangpu,740,2022/4/29
asymptomatic,Yangpu,320,2022/4/30
asymptomatic,Yangpu,432,2022/5/1
asymptomatic,Yangpu,354,2022/5/2
asymptomatic,Yangpu,394,2022/5/3
asymptomatic,Yangpu,369,2022/5/4
asymptomatic,Yangpu,364,2022/5/5
asymptomatic,Yangpu,395,2022/5/6
asymptomatic,Yangpu,606,2022/5/7
asymptomatic,Yangpu,558,2022/5/8
asymptomatic,Yangpu,355,2022/5/9
asymptomatic,Yangpu,135,2022/5/10
asymptomatic,Yangpu,131,2022/5/11
asymptomatic,Yangpu,515,2022/5/12
asymptomatic,Yangpu,397,2022/5/13
asymptomatic,Yangpu,303,2022/5/14
asymptomatic,Yangpu,321,2022/5/15
asymptomatic,Yangpu,240,2022/5/16
asymptomatic,Yangpu,221,2022/5/17
asymptomatic,Jingan,0,2022/2/17
asymptomatic,Jingan,0,2022/2/18
asymptomatic,Jingan,0,2022/2/19
asymptomatic,Jingan,0,2022/2/20
asymptomatic,Jingan,0,2022/2/21
asymptomatic,Jingan,0,2022/2/22
asymptomatic,Jingan,0,2022/2/23
asymptomatic,Jingan,0,2022/2/24
asymptomatic,Jingan,0,2022/2/25
asymptomatic,Jingan,0,2022/2/26
asymptomatic,Jingan,0,2022/2/27
asymptomatic,Jingan,0,2022/2/28
asymptomatic,Jingan,0,2022/3/1
asymptomatic,Jingan,0,2022/3/2
asymptomatic,Jingan,0,2022/3/3
asymptomatic,Jingan,0,2022/3/4
asymptomatic,Jingan,0,2022/3/5
asymptomatic,Jingan,1,2022/3/6
asymptomatic,Jingan,0,2022/3/7
asymptomatic,Jingan,1,2022/3/8
asymptomatic,Jingan,3,2022/3/9
asymptomatic,Jingan,2,2022/3/10
asymptomatic,Jingan,3,2022/3/11
asymptomatic,Jingan,1,2022/3/12
asymptomatic,Jingan,4,2022/3/13
asymptomatic,Jingan,0,2022/3/14
asymptomatic,Jingan,0,2022/3/15
asymptomatic,Jingan,3,2022/3/16
asymptomatic,Jingan,3,2022/3/17
asymptomatic,Jingan,13,2022/3/18
asymptomatic,Jingan,15,2022/3/19
asymptomatic,Jingan,0,2022/3/20
asymptomatic,Jingan,45,2022/3/21
asymptomatic,Jingan,28,2022/3/22
asymptomatic,Jingan,48,2022/3/23
asymptomatic,Jingan,63,2022/3/24
asymptomatic,Jingan,2,2022/3/25
asymptomatic,Jingan,105,2022/3/26
asymptomatic,Jingan,65,2022/3/27
asymptomatic,Jingan,93,2022/3/28
asymptomatic,Jingan,172,2022/3/29
asymptomatic,Jingan,92,2022/3/30
asymptomatic,Jingan,158,2022/3/31
asymptomatic,Jingan,178,2022/4/1
asymptomatic,Jingan,301,2022/4/2
asymptomatic,Jingan,315,2022/4/3
asymptomatic,Jingan,59,2022/4/4
asymptomatic,Jingan,305,2022/4/5
asymptomatic,Jingan,516,2022/4/6
asymptomatic,Jingan,360,2022/4/7
asymptomatic,Jingan,623,2022/4/8
asymptomatic,Jingan,577,2022/4/9
asymptomatic,Jingan,574,2022/4/10
asymptomatic,Jingan,532,2022/4/11
asymptomatic,Jingan,981,2022/4/12
asymptomatic,Jingan,171,2022/4/13
asymptomatic,Jingan,196,2022/4/14
asymptomatic,Jingan,341,2022/4/15
asymptomatic,Jingan,991,2022/4/16
asymptomatic,Jingan,715,2022/4/17
asymptomatic,Jingan,807,2022/4/18
asymptomatic,Jingan,1528,2022/4/19
asymptomatic,Jingan,966,2022/4/20
asymptomatic,Jingan,1914,2022/4/21
asymptomatic,Jingan,710,2022/4/22
asymptomatic,Jingan,431,2022/4/23
asymptomatic,Jingan,1560,2022/4/24
asymptomatic,Jingan,885,2022/4/25
asymptomatic,Jingan,1249,2022/4/26
asymptomatic,Jingan,1057,2022/4/27
asymptomatic,Jingan,1015,2022/4/28
asymptomatic,Jingan,1143,2022/4/29
asymptomatic,Jingan,886,2022/4/30
asymptomatic,Jingan,632,2022/5/1
asymptomatic,Jingan,596,2022/5/2
asymptomatic,Jingan,548,2022/5/3
asymptomatic,Jingan,525,2022/5/4
asymptomatic,Jingan,485,2022/5/5
asymptomatic,Jingan,468,2022/5/6
asymptomatic,Jingan,529,2022/5/7
asymptomatic,Jingan,582,2022/5/8
asymptomatic,Jingan,371,2022/5/9
asymptomatic,Jingan,191,2022/5/10
asymptomatic,Jingan,158,2022/5/11
asymptomatic,Jingan,172,2022/5/12
asymptomatic,Jingan,150,2022/5/13
asymptomatic,Jingan,116,2022/5/14
asymptomatic,Jingan,69,2022/5/15
asymptomatic,Jingan,48,2022/5/16
asymptomatic,Jingan,88,2022/5/17
asymptomatic,Pudong,0,2022/2/17
asymptomatic,Pudong,0,2022/2/18
asymptomatic,Pudong,0,2022/2/19
asymptomatic,Pudong,0,2022/2/20
asymptomatic,Pudong,0,2022/2/21
asymptomatic,Pudong,0,2022/2/22
asymptomatic,Pudong,0,2022/2/23
asymptomatic,Pudong,0,2022/2/24
asymptomatic,Pudong,0,2022/2/25
asymptomatic,Pudong,1,2022/2/26
asymptomatic,Pudong,0,2022/2/27
asymptomatic,Pudong,3,2022/2/28
asymptomatic,Pudong,0,2022/3/1
asymptomatic,Pudong,0,2022/3/2
asymptomatic,Pudong,0,2022/3/3
asymptomatic,Pudong,0,2022/3/4
asymptomatic,Pudong,2,2022/3/5
asymptomatic,Pudong,2,2022/3/6
asymptomatic,Pudong,2,2022/3/7
asymptomatic,Pudong,3,2022/3/8
asymptomatic,Pudong,9,2022/3/9
asymptomatic,Pudong,6,2022/3/10
asymptomatic,Pudong,9,2022/3/11
asymptomatic,Pudong,35,2022/3/12
asymptomatic,Pudong,34,2022/3/13
asymptomatic,Pudong,0,2022/3/14
asymptomatic,Pudong,0,2022/3/15
asymptomatic,Pudong,43,2022/3/16
asymptomatic,Pudong,11,2022/3/17
asymptomatic,Pudong,63,2022/3/18
asymptomatic,Pudong,127,2022/3/19
asymptomatic,Pudong,0,2022/3/20
asymptomatic,Pudong,164,2022/3/21
asymptomatic,Pudong,237,2022/3/22
asymptomatic,Pudong,217,2022/3/23
asymptomatic,Pudong,183,2022/3/24
asymptomatic,Pudong,1884,2022/3/25
asymptomatic,Pudong,322,2022/3/26
asymptomatic,Pudong,1420,2022/3/27
asymptomatic,Pudong,2463,2022/3/28
asymptomatic,Pudong,2018,2022/3/29
asymptomatic,Pudong,1949,2022/3/30
asymptomatic,Pudong,2224,2022/3/31
asymptomatic,Pudong,2518,2022/4/1
asymptomatic,Pudong,1949,2022/4/2
asymptomatic,Pudong,3529,2022/4/3
asymptomatic,Pudong,6788,2022/4/4
asymptomatic,Pudong,7892,2022/4/5
asymptomatic,Pudong,8296,2022/4/6
asymptomatic,Pudong,8734,2022/4/7
asymptomatic,Pudong,6938,2022/4/8
asymptomatic,Pudong,10613,2022/4/9
asymptomatic,Pudong,6520,2022/4/10
asymptomatic,Pudong,7813,2022/4/11
asymptomatic,Pudong,10857,2022/4/12
asymptomatic,Pudong,13888,2022/4/13
asymptomatic,Pudong,10404,2022/4/14
asymptomatic,Pudong,9140,2022/4/15
asymptomatic,Pudong,9789,2022/4/16
asymptomatic,Pudong,7219,2022/4/17
asymptomatic,Pudong,7756,2022/4/18
asymptomatic,Pudong,4926,2022/4/19
asymptomatic,Pudong,3709,2022/4/20
asymptomatic,Pudong,4246,2022/4/21
asymptomatic,Pudong,7257,2022/4/22
asymptomatic,Pudong,7085,2022/4/23
asymptomatic,Pudong,5307,2022/4/24
asymptomatic,Pudong,3620,2022/4/25
asymptomatic,Pudong,2539,2022/4/26
asymptomatic,Pudong,2459,2022/4/27
asymptomatic,Pudong,2016,2022/4/28
asymptomatic,Pudong,1897,2022/4/29
asymptomatic,Pudong,1588,2022/4/30
asymptomatic,Pudong,1520,2022/5/1
asymptomatic,Pudong,1124,2022/5/2
asymptomatic,Pudong,834,2022/5/3
asymptomatic,Pudong,839,2022/5/4
asymptomatic,Pudong,649,2022/5/5
asymptomatic,Pudong,551,2022/5/6
asymptomatic,Pudong,647,2022/5/7
asymptomatic,Pudong,658,2022/5/8
asymptomatic,Pudong,568,2022/5/9
asymptomatic,Pudong,247,2022/5/10
asymptomatic,Pudong,240,2022/5/11
asymptomatic,Pudong,263,2022/5/12
asymptomatic,Pudong,172,2022/5/13
asymptomatic,Pudong,137,2022/5/14
asymptomatic,Pudong,95,2022/5/15
asymptomatic,Pudong,86,2022/5/16
asymptomatic,Pudong,72,2022/5/17
asymptomatic,Jiading,0,2022/2/17
asymptomatic,Jiading,0,2022/2/18
asymptomatic,Jiading,0,2022/2/19
asymptomatic,Jiading,0,2022/2/20
asymptomatic,Jiading,0,2022/2/21
asymptomatic,Jiading,0,2022/2/22
asymptomatic,Jiading,0,2022/2/23
asymptomatic,Jiading,0,2022/2/24
asymptomatic,Jiading,0,2022/2/25
asymptomatic,Jiading,0,2022/2/26
asymptomatic,Jiading,1,2022/2/27
asymptomatic,Jiading,0,2022/2/28
asymptomatic,Jiading,1,2022/3/1
asymptomatic,Jiading,1,2022/3/2
asymptomatic,Jiading,0,2022/3/3
asymptomatic,Jiading,5,2022/3/4
asymptomatic,Jiading,4,2022/3/5
asymptomatic,Jiading,12,2022/3/6
asymptomatic,Jiading,13,2022/3/7
asymptomatic,Jiading,7,2022/3/8
asymptomatic,Jiading,16,2022/3/9
asymptomatic,Jiading,3,2022/3/10
asymptomatic,Jiading,11,2022/3/11
asymptomatic,Jiading,3,2022/3/12
asymptomatic,Jiading,14,2022/3/13
asymptomatic,Jiading,0,2022/3/14
asymptomatic,Jiading,0,2022/3/15
asymptomatic,Jiading,36,2022/3/16
asymptomatic,Jiading,30,2022/3/17
asymptomatic,Jiading,44,2022/3/18
asymptomatic,Jiading,79,2022/3/19
asymptomatic,Jiading,0,2022/3/20
asymptomatic,Jiading,97,2022/3/21
asymptomatic,Jiading,109,2022/3/22
asymptomatic,Jiading,68,2022/3/23
asymptomatic,Jiading,129,2022/3/24
asymptomatic,Jiading,18,2022/3/25
asymptomatic,Jiading,233,2022/3/26
asymptomatic,Jiading,249,2022/3/27
asymptomatic,Jiading,207,2022/3/28
asymptomatic,Jiading,244,2022/3/29
asymptomatic,Jiading,151,2022/3/30
asymptomatic,Jiading,47,2022/3/31
asymptomatic,Jiading,191,2022/4/1
asymptomatic,Jiading,587,2022/4/2
asymptomatic,Jiading,410,2022/4/3
asymptomatic,Jiading,243,2022/4/4
asymptomatic,Jiading,480,2022/4/5
asymptomatic,Jiading,1402,2022/4/6
asymptomatic,Jiading,911,2022/4/7
asymptomatic,Jiading,1389,2022/4/8
asymptomatic,Jiading,348,2022/4/9
asymptomatic,Jiading,1334,2022/4/10
asymptomatic,Jiading,165,2022/4/11
asymptomatic,Jiading,944,2022/4/12
asymptomatic,Jiading,667,2022/4/13
asymptomatic,Jiading,603,2022/4/14
asymptomatic,Jiading,568,2022/4/15
asymptomatic,Jiading,582,2022/4/16
asymptomatic,Jiading,622,2022/4/17
asymptomatic,Jiading,516,2022/4/18
asymptomatic,Jiading,639,2022/4/19
asymptomatic,Jiading,559,2022/4/20
asymptomatic,Jiading,696,2022/4/21
asymptomatic,Jiading,424,2022/4/22
asymptomatic,Jiading,678,2022/4/23
asymptomatic,Jiading,469,2022/4/24
asymptomatic,Jiading,485,2022/4/25
asymptomatic,Jiading,345,2022/4/26
asymptomatic,Jiading,279,2022/4/27
asymptomatic,Jiading,356,2022/4/28
asymptomatic,Jiading,246,2022/4/29
asymptomatic,Jiading,218,2022/4/30
asymptomatic,Jiading,254,2022/5/1
asymptomatic,Jiading,275,2022/5/2
asymptomatic,Jiading,171,2022/5/3
asymptomatic,Jiading,211,2022/5/4
asymptomatic,Jiading,192,2022/5/5
asymptomatic,Jiading,198,2022/5/6
asymptomatic,Jiading,108,2022/5/7
asymptomatic,Jiading,109,2022/5/8
asymptomatic,Jiading,131,2022/5/9
asymptomatic,Jiading,14,2022/5/10
asymptomatic,Jiading,72,2022/5/11
asymptomatic,Jiading,67,2022/5/12
asymptomatic,Jiading,37,2022/5/13
asymptomatic,Jiading,32,2022/5/14
asymptomatic,Jiading,25,2022/5/15
asymptomatic,Jiading,18,2022/5/16
asymptomatic,Jiading,18,2022/5/17
asymptomatic,Songjiang,0,2022/2/17
asymptomatic,Songjiang,0,2022/2/18
asymptomatic,Songjiang,0,2022/2/19
asymptomatic,Songjiang,0,2022/2/20
asymptomatic,Songjiang,0,2022/2/21
asymptomatic,Songjiang,0,2022/2/22
asymptomatic,Songjiang,0,2022/2/23
asymptomatic,Songjiang,0,2022/2/24
asymptomatic,Songjiang,0,2022/2/25
asymptomatic,Songjiang,0,2022/2/26
asymptomatic,Songjiang,0,2022/2/27
asymptomatic,Songjiang,0,2022/2/28
asymptomatic,Songjiang,0,2022/3/1
asymptomatic,Songjiang,0,2022/3/2
asymptomatic,Songjiang,3,2022/3/3
asymptomatic,Songjiang,6,2022/3/4
asymptomatic,Songjiang,7,2022/3/5
asymptomatic,Songjiang,7,2022/3/6
asymptomatic,Songjiang,3,2022/3/7
asymptomatic,Songjiang,14,2022/3/8
asymptomatic,Songjiang,9,2022/3/9
asymptomatic,Songjiang,9,2022/3/10
asymptomatic,Songjiang,5,2022/3/11
asymptomatic,Songjiang,1,2022/3/12
asymptomatic,Songjiang,7,2022/3/13
asymptomatic,Songjiang,0,2022/3/14
asymptomatic,Songjiang,0,2022/3/15
asymptomatic,Songjiang,4,2022/3/16
asymptomatic,Songjiang,10,2022/3/17
asymptomatic,Songjiang,12,2022/3/18
asymptomatic,Songjiang,16,2022/3/19
asymptomatic,Songjiang,0,2022/3/20
asymptomatic,Songjiang,37,2022/3/21
asymptomatic,Songjiang,31,2022/3/22
asymptomatic,Songjiang,34,2022/3/23
asymptomatic,Songjiang,92,2022/3/24
asymptomatic,Songjiang,14,2022/3/25
asymptomatic,Songjiang,82,2022/3/26
asymptomatic,Songjiang,189,2022/3/27
asymptomatic,Songjiang,91,2022/3/28
asymptomatic,Songjiang,219,2022/3/29
asymptomatic,Songjiang,240,2022/3/30
asymptomatic,Songjiang,185,2022/3/31
asymptomatic,Songjiang,488,2022/4/1
asymptomatic,Songjiang,565,2022/4/2
asymptomatic,Songjiang,258,2022/4/3
asymptomatic,Songjiang,563,2022/4/4
asymptomatic,Songjiang,787,2022/4/5
asymptomatic,Songjiang,781,2022/4/6
asymptomatic,Songjiang,647,2022/4/7
asymptomatic,Songjiang,663,2022/4/8
asymptomatic,Songjiang,490,2022/4/9
asymptomatic,Songjiang,1534,2022/4/10
asymptomatic,Songjiang,670,2022/4/11
asymptomatic,Songjiang,635,2022/4/12
asymptomatic,Songjiang,526,2022/4/13
asymptomatic,Songjiang,583,2022/4/14
asymptomatic,Songjiang,575,2022/4/15
asymptomatic,Songjiang,323,2022/4/16
asymptomatic,Songjiang,752,2022/4/17
asymptomatic,Songjiang,571,2022/4/18
asymptomatic,Songjiang,267,2022/4/19
asymptomatic,Songjiang,511,2022/4/20
asymptomatic,Songjiang,471,2022/4/21
asymptomatic,Songjiang,2448,2022/4/22
asymptomatic,Songjiang,741,2022/4/23
asymptomatic,Songjiang,382,2022/4/24
asymptomatic,Songjiang,533,2022/4/25
asymptomatic,Songjiang,258,2022/4/26
asymptomatic,Songjiang,179,2022/4/27
asymptomatic,Songjiang,150,2022/4/28
asymptomatic,Songjiang,110,2022/4/29
asymptomatic,Songjiang,76,2022/4/30
asymptomatic,Songjiang,84,2022/5/1
asymptomatic,Songjiang,39,2022/5/2
asymptomatic,Songjiang,56,2022/5/3
asymptomatic,Songjiang,37,2022/5/4
asymptomatic,Songjiang,45,2022/5/5
asymptomatic,Songjiang,22,2022/5/6
asymptomatic,Songjiang,26,2022/5/7
asymptomatic,Songjiang,27,2022/5/8
asymptomatic,Songjiang,19,2022/5/9
asymptomatic,Songjiang,13,2022/5/10
asymptomatic,Songjiang,10,2022/5/11
asymptomatic,Songjiang,15,2022/5/12
asymptomatic,Songjiang,8,2022/5/13
asymptomatic,Songjiang,6,2022/5/14
asymptomatic,Songjiang,13,2022/5/15
asymptomatic,Songjiang,9,2022/5/16
asymptomatic,Songjiang,12,2022/5/17
asymptomatic,Huangpu,0,2022/2/17
asymptomatic,Huangpu,0,2022/2/18
asymptomatic,Huangpu,0,2022/2/19
asymptomatic,Huangpu,0,2022/2/20
asymptomatic,Huangpu,0,2022/2/21
asymptomatic,Huangpu,0,2022/2/22
asymptomatic,Huangpu,0,2022/2/23
asymptomatic,Huangpu,0,2022/2/24
asymptomatic,Huangpu,0,2022/2/25
asymptomatic,Huangpu,0,2022/2/26
asymptomatic,Huangpu,0,2022/2/27
asymptomatic,Huangpu,0,2022/2/28
asymptomatic,Huangpu,0,2022/3/1
asymptomatic,Huangpu,0,2022/3/2
asymptomatic,Huangpu,0,2022/3/3
asymptomatic,Huangpu,1,2022/3/4
asymptomatic,Huangpu,1,2022/3/5
asymptomatic,Huangpu,1,2022/3/6
asymptomatic,Huangpu,0,2022/3/7
asymptomatic,Huangpu,0,2022/3/8
asymptomatic,Huangpu,2,2022/3/9
asymptomatic,Huangpu,1,2022/3/10
asymptomatic,Huangpu,3,2022/3/11
asymptomatic,Huangpu,3,2022/3/12
asymptomatic,Huangpu,9,2022/3/13
asymptomatic,Huangpu,0,2022/3/14
asymptomatic,Huangpu,0,2022/3/15
asymptomatic,Huangpu,8,2022/3/16
asymptomatic,Huangpu,12,2022/3/17
asymptomatic,Huangpu,15,2022/3/18
asymptomatic,Huangpu,37,2022/3/19
asymptomatic,Huangpu,0,2022/3/20
asymptomatic,Huangpu,48,2022/3/21
asymptomatic,Huangpu,59,2022/3/22
asymptomatic,Huangpu,20,2022/3/23
asymptomatic,Huangpu,102,2022/3/24
asymptomatic,Huangpu,23,2022/3/25
asymptomatic,Huangpu,159,2022/3/26
asymptomatic,Huangpu,55,2022/3/27
asymptomatic,Huangpu,282,2022/3/28
asymptomatic,Huangpu,106,2022/3/29
asymptomatic,Huangpu,347,2022/3/30
asymptomatic,Huangpu,117,2022/3/31
asymptomatic,Huangpu,242,2022/4/1
asymptomatic,Huangpu,631,2022/4/2
asymptomatic,Huangpu,813,2022/4/3
asymptomatic,Huangpu,973,2022/4/4
asymptomatic,Huangpu,647,2022/4/5
asymptomatic,Huangpu,1041,2022/4/6
asymptomatic,Huangpu,1368,2022/4/7
asymptomatic,Huangpu,2566,2022/4/8
asymptomatic,Huangpu,447,2022/4/9
asymptomatic,Huangpu,1725,2022/4/10
asymptomatic,Huangpu,2106,2022/4/11
asymptomatic,Huangpu,1730,2022/4/12
asymptomatic,Huangpu,1181,2022/4/13
asymptomatic,Huangpu,1745,2022/4/14
asymptomatic,Huangpu,1138,2022/4/15
asymptomatic,Huangpu,1377,2022/4/16
asymptomatic,Huangpu,1710,2022/4/17
asymptomatic,Huangpu,2961,2022/4/18
asymptomatic,Huangpu,2716,2022/4/19
asymptomatic,Huangpu,2845,2022/4/20
asymptomatic,Huangpu,1560,2022/4/21
asymptomatic,Huangpu,2408,2022/4/22
asymptomatic,Huangpu,1863,2022/4/23
asymptomatic,Huangpu,1438,2022/4/24
asymptomatic,Huangpu,2515,2022/4/25
asymptomatic,Huangpu,927,2022/4/26
asymptomatic,Huangpu,1317,2022/4/27
asymptomatic,Huangpu,1286,2022/4/28
asymptomatic,Huangpu,1149,2022/4/29
asymptomatic,Huangpu,1046,2022/4/30
asymptomatic,Huangpu,984,2022/5/1
asymptomatic,Huangpu,957,2022/5/2
asymptomatic,Huangpu,912,2022/5/3
asymptomatic,Huangpu,754,2022/5/4
asymptomatic,Huangpu,737,2022/5/5
asymptomatic,Huangpu,567,2022/5/6
asymptomatic,Huangpu,575,2022/5/7
asymptomatic,Huangpu,442,2022/5/8
asymptomatic,Huangpu,378,2022/5/9
asymptomatic,Huangpu,245,2022/5/10
asymptomatic,Huangpu,227,2022/5/11
asymptomatic,Huangpu,274,2022/5/12
asymptomatic,Huangpu,219,2022/5/13
asymptomatic,Huangpu,168,2022/5/14
asymptomatic,Huangpu,83,2022/5/15
asymptomatic,Huangpu,79,2022/5/16
asymptomatic,Huangpu,77,2022/5/17
asymptomatic,Hongkou,0,2022/2/17
asymptomatic,Hongkou,0,2022/2/18
asymptomatic,Hongkou,0,2022/2/19
asymptomatic,Hongkou,0,2022/2/20
asymptomatic,Hongkou,0,2022/2/21
asymptomatic,Hongkou,0,2022/2/22
asymptomatic,Hongkou,0,2022/2/23
asymptomatic,Hongkou,0,2022/2/24
asymptomatic,Hongkou,0,2022/2/25
asymptomatic,Hongkou,0,2022/2/26
asymptomatic,Hongkou,0,2022/2/27
asymptomatic,Hongkou,0,2022/2/28
asymptomatic,Hongkou,0,2022/3/1
asymptomatic,Hongkou,0,2022/3/2
asymptomatic,Hongkou,0,2022/3/3
asymptomatic,Hongkou,0,2022/3/4
asymptomatic,Hongkou,0,2022/3/5
asymptomatic,Hongkou,0,2022/3/6
asymptomatic,Hongkou,0,2022/3/7
asymptomatic,Hongkou,0,2022/3/8
asymptomatic,Hongkou,1,2022/3/9
asymptomatic,Hongkou,4,2022/3/10
asymptomatic,Hongkou,3,2022/3/11
asymptomatic,Hongkou,0,2022/3/12
asymptomatic,Hongkou,3,2022/3/13
asymptomatic,Hongkou,0,2022/3/14
asymptomatic,Hongkou,0,2022/3/15
asymptomatic,Hongkou,10,2022/3/16
asymptomatic,Hongkou,6,2022/3/17
asymptomatic,Hongkou,19,2022/3/18
asymptomatic,Hongkou,6,2022/3/19
asymptomatic,Hongkou,0,2022/3/20
asymptomatic,Hongkou,23,2022/3/21
asymptomatic,Hongkou,13,2022/3/22
asymptomatic,Hongkou,26,2022/3/23
asymptomatic,Hongkou,29,2022/3/24
asymptomatic,Hongkou,4,2022/3/25
asymptomatic,Hongkou,48,2022/3/26
asymptomatic,Hongkou,26,2022/3/27
asymptomatic,Hongkou,4,2022/3/28
asymptomatic,Hongkou,66,2022/3/29
asymptomatic,Hongkou,83,2022/3/30
asymptomatic,Hongkou,118,2022/3/31
asymptomatic,Hongkou,57,2022/4/1
asymptomatic,Hongkou,313,2022/4/2
asymptomatic,Hongkou,178,2022/4/3
asymptomatic,Hongkou,604,2022/4/4
asymptomatic,Hongkou,403,2022/4/5
asymptomatic,Hongkou,669,2022/4/6
asymptomatic,Hongkou,568,2022/4/7
asymptomatic,Hongkou,360,2022/4/8
asymptomatic,Hongkou,337,2022/4/9
asymptomatic,Hongkou,1232,2022/4/10
asymptomatic,Hongkou,1350,2022/4/11
asymptomatic,Hongkou,848,2022/4/12
asymptomatic,Hongkou,1367,2022/4/13
asymptomatic,Hongkou,756,2022/4/14
asymptomatic,Hongkou,1210,2022/4/15
asymptomatic,Hongkou,870,2022/4/16
asymptomatic,Hongkou,900,2022/4/17
asymptomatic,Hongkou,859,2022/4/18
asymptomatic,Hongkou,605,2022/4/19
asymptomatic,Hongkou,730,2022/4/20
asymptomatic,Hongkou,782,2022/4/21
asymptomatic,Hongkou,569,2022/4/22
asymptomatic,Hongkou,737,2022/4/23
asymptomatic,Hongkou,549,2022/4/24
asymptomatic,Hongkou,1132,2022/4/25
asymptomatic,Hongkou,1099,2022/4/26
asymptomatic,Hongkou,1023,2022/4/27
asymptomatic,Hongkou,905,2022/4/28
asymptomatic,Hongkou,993,2022/4/29
asymptomatic,Hongkou,544,2022/4/30
asymptomatic,Hongkou,600,2022/5/1
asymptomatic,Hongkou,348,2022/5/2
asymptomatic,Hongkou,347,2022/5/3
asymptomatic,Hongkou,310,2022/5/4
asymptomatic,Hongkou,252,2022/5/5
asymptomatic,Hongkou,262,2022/5/6
asymptomatic,Hongkou,248,2022/5/7
asymptomatic,Hongkou,263,2022/5/8
asymptomatic,Hongkou,238,2022/5/9
asymptomatic,Hongkou,88,2022/5/10
asymptomatic,Hongkou,84,2022/5/11
asymptomatic,Hongkou,79,2022/5/12
asymptomatic,Hongkou,74,2022/5/13
asymptomatic,Hongkou,64,2022/5/14
asymptomatic,Hongkou,57,2022/5/15
asymptomatic,Hongkou,47,2022/5/16
asymptomatic,Hongkou,53,2022/5/17
asymptomatic,Xuhui,0,2022/2/17
asymptomatic,Xuhui,0,2022/2/18
asymptomatic,Xuhui,0,2022/2/19
asymptomatic,Xuhui,0,2022/2/20
asymptomatic,Xuhui,0,2022/2/21
asymptomatic,Xuhui,0,2022/2/22
asymptomatic,Xuhui,0,2022/2/23
asymptomatic,Xuhui,0,2022/2/24
asymptomatic,Xuhui,0,2022/2/25
asymptomatic,Xuhui,0,2022/2/26
asymptomatic,Xuhui,0,2022/2/27
asymptomatic,Xuhui,0,2022/2/28
asymptomatic,Xuhui,0,2022/3/1
asymptomatic,Xuhui,0,2022/3/2
asymptomatic,Xuhui,0,2022/3/3
asymptomatic,Xuhui,0,2022/3/4
asymptomatic,Xuhui,3,2022/3/5
asymptomatic,Xuhui,2,2022/3/6
asymptomatic,Xuhui,16,2022/3/7
asymptomatic,Xuhui,9,2022/3/8
asymptomatic,Xuhui,6,2022/3/9
asymptomatic,Xuhui,6,2022/3/10
asymptomatic,Xuhui,10,2022/3/11
asymptomatic,Xuhui,1,2022/3/12
asymptomatic,Xuhui,14,2022/3/13
asymptomatic,Xuhui,0,2022/3/14
asymptomatic,Xuhui,0,2022/3/15
asymptomatic,Xuhui,5,2022/3/16
asymptomatic,Xuhui,27,2022/3/17
asymptomatic,Xuhui,40,2022/3/18
asymptomatic,Xuhui,60,2022/3/19
asymptomatic,Xuhui,0,2022/3/20
asymptomatic,Xuhui,129,2022/3/21
asymptomatic,Xuhui,84,2022/3/22
asymptomatic,Xuhui,108,2022/3/23
asymptomatic,Xuhui,165,2022/3/24
asymptomatic,Xuhui,2,2022/3/25
asymptomatic,Xuhui,327,2022/3/26
asymptomatic,Xuhui,274,2022/3/27
asymptomatic,Xuhui,86,2022/3/28
asymptomatic,Xuhui,1054,2022/3/29
asymptomatic,Xuhui,385,2022/3/30
asymptomatic,Xuhui,206,2022/3/31
asymptomatic,Xuhui,594,2022/4/1
asymptomatic,Xuhui,991,2022/4/2
asymptomatic,Xuhui,464,2022/4/3
asymptomatic,Xuhui,1223,2022/4/4
asymptomatic,Xuhui,902,2022/4/5
asymptomatic,Xuhui,1087,2022/4/6
asymptomatic,Xuhui,2030,2022/4/7
asymptomatic,Xuhui,1515,2022/4/8
asymptomatic,Xuhui,1106,2022/4/9
asymptomatic,Xuhui,3157,2022/4/10
asymptomatic,Xuhui,1723,2022/4/11
asymptomatic,Xuhui,1052,2022/4/12
asymptomatic,Xuhui,1349,2022/4/13
asymptomatic,Xuhui,1049,2022/4/14
asymptomatic,Xuhui,1412,2022/4/15
asymptomatic,Xuhui,1362,2022/4/16
asymptomatic,Xuhui,1386,2022/4/17
asymptomatic,Xuhui,504,2022/4/18
asymptomatic,Xuhui,1464,2022/4/19
asymptomatic,Xuhui,1256,2022/4/20
asymptomatic,Xuhui,1019,2022/4/21
asymptomatic,Xuhui,1152,2022/4/22
asymptomatic,Xuhui,1631,2022/4/23
asymptomatic,Xuhui,1168,2022/4/24
asymptomatic,Xuhui,1132,2022/4/25
asymptomatic,Xuhui,731,2022/4/26
asymptomatic,Xuhui,340,2022/4/27
asymptomatic,Xuhui,1053,2022/4/28
asymptomatic,Xuhui,388,2022/4/29
asymptomatic,Xuhui,352,2022/4/30
asymptomatic,Xuhui,371,2022/5/1
asymptomatic,Xuhui,379,2022/5/2
asymptomatic,Xuhui,337,2022/5/3
asymptomatic,Xuhui,317,2022/5/4
asymptomatic,Xuhui,314,2022/5/5
asymptomatic,Xuhui,311,2022/5/6
asymptomatic,Xuhui,289,2022/5/7
asymptomatic,Xuhui,284,2022/5/8
asymptomatic,Xuhui,107,2022/5/9
asymptomatic,Xuhui,60,2022/5/10
asymptomatic,Xuhui,65,2022/5/11
asymptomatic,Xuhui,88,2022/5/12
asymptomatic,Xuhui,82,2022/5/13
asymptomatic,Xuhui,87,2022/5/14
asymptomatic,Xuhui,59,2022/5/15
asymptomatic,Xuhui,52,2022/5/16
asymptomatic,Xuhui,47,2022/5/17
asymptomatic,Minhang,0,2022/2/17
asymptomatic,Minhang,0,2022/2/18
asymptomatic,Minhang,0,2022/2/19
asymptomatic,Minhang,2,2022/2/20
asymptomatic,Minhang,0,2022/2/21
asymptomatic,Minhang,0,2022/2/22
asymptomatic,Minhang,0,2022/2/23
asymptomatic,Minhang,1,2022/2/24
asymptomatic,Minhang,0,2022/2/25
asymptomatic,Minhang,0,2022/2/26
asymptomatic,Minhang,0,2022/2/27
asymptomatic,Minhang,0,2022/2/28
asymptomatic,Minhang,0,2022/3/1
asymptomatic,Minhang,0,2022/3/2
asymptomatic,Minhang,0,2022/3/3
asymptomatic,Minhang,0,2022/3/4
asymptomatic,Minhang,6,2022/3/5
asymptomatic,Minhang,7,2022/3/6
asymptomatic,Minhang,10,2022/3/7
asymptomatic,Minhang,11,2022/3/8
asymptomatic,Minhang,23,2022/3/9
asymptomatic,Minhang,13,2022/3/10
asymptomatic,Minhang,19,2022/3/11
asymptomatic,Minhang,10,2022/3/12
asymptomatic,Minhang,21,2022/3/13
asymptomatic,Minhang,0,2022/3/14
asymptomatic,Minhang,0,2022/3/15
asymptomatic,Minhang,17,2022/3/16
asymptomatic,Minhang,79,2022/3/17
asymptomatic,Minhang,59,2022/3/18
asymptomatic,Minhang,49,2022/3/19
asymptomatic,Minhang,0,2022/3/20
asymptomatic,Minhang,110,2022/3/21
asymptomatic,Minhang,306,2022/3/22
asymptomatic,Minhang,252,2022/3/23
asymptomatic,Minhang,489,2022/3/24
asymptomatic,Minhang,202,2022/3/25
asymptomatic,Minhang,955,2022/3/26
asymptomatic,Minhang,596,2022/3/27
asymptomatic,Minhang,360,2022/3/28
asymptomatic,Minhang,957,2022/3/29
asymptomatic,Minhang,761,2022/3/30
asymptomatic,Minhang,330,2022/3/31
asymptomatic,Minhang,972,2022/4/1
asymptomatic,Minhang,765,2022/4/2
asymptomatic,Minhang,869,2022/4/3
asymptomatic,Minhang,1370,2022/4/4
asymptomatic,Minhang,2917,2022/4/5
asymptomatic,Minhang,2387,2022/4/6
asymptomatic,Minhang,2160,2022/4/7
asymptomatic,Minhang,2792,2022/4/8
asymptomatic,Minhang,4536,2022/4/9
asymptomatic,Minhang,3087,2022/4/10
asymptomatic,Minhang,2939,2022/4/11
asymptomatic,Minhang,3965,2022/4/12
asymptomatic,Minhang,2567,2022/4/13
asymptomatic,Minhang,2104,2022/4/14
asymptomatic,Minhang,1736,2022/4/15
asymptomatic,Minhang,2170,2022/4/16
asymptomatic,Minhang,2296,2022/4/17
asymptomatic,Minhang,1060,2022/4/18
asymptomatic,Minhang,1213,2022/4/19
asymptomatic,Minhang,1395,2022/4/20
asymptomatic,Minhang,2410,2022/4/21
asymptomatic,Minhang,1097,2022/4/22
asymptomatic,Minhang,769,2022/4/23
asymptomatic,Minhang,1086,2022/4/24
asymptomatic,Minhang,656,2022/4/25
asymptomatic,Minhang,678,2022/4/26
asymptomatic,Minhang,270,2022/4/27
asymptomatic,Minhang,352,2022/4/28
asymptomatic,Minhang,372,2022/4/29
asymptomatic,Minhang,378,2022/4/30
asymptomatic,Minhang,357,2022/5/1
asymptomatic,Minhang,259,2022/5/2
asymptomatic,Minhang,237,2022/5/3
asymptomatic,Minhang,260,2022/5/4
asymptomatic,Minhang,226,2022/5/5
asymptomatic,Minhang,281,2022/5/6
asymptomatic,Minhang,214,2022/5/7
asymptomatic,Minhang,216,2022/5/8
asymptomatic,Minhang,315,2022/5/9
asymptomatic,Minhang,72,2022/5/10
asymptomatic,Minhang,88,2022/5/11
asymptomatic,Minhang,128,2022/5/12
asymptomatic,Minhang,117,2022/5/13
asymptomatic,Minhang,75,2022/5/14
asymptomatic,Minhang,35,2022/5/15
asymptomatic,Minhang,39,2022/5/16
asymptomatic,Minhang,57,2022/5/17
asymptomatic,Changning,0,2022/2/17
asymptomatic,Changning,0,2022/2/18
asymptomatic,Changning,0,2022/2/19
asymptomatic,Changning,0,2022/2/20
asymptomatic,Changning,0,2022/2/21
asymptomatic,Changning,0,2022/2/22
asymptomatic,Changning,0,2022/2/23
asymptomatic,Changning,0,2022/2/24
asymptomatic,Changning,0,2022/2/25
asymptomatic,Changning,0,2022/2/26
asymptomatic,Changning,0,2022/2/27
asymptomatic,Changning,0,2022/2/28
asymptomatic,Changning,0,2022/3/1
asymptomatic,Changning,0,2022/3/2
asymptomatic,Changning,0,2022/3/3
asymptomatic,Changning,0,2022/3/4
asymptomatic,Changning,0,2022/3/5
asymptomatic,Changning,0,2022/3/6
asymptomatic,Changning,0,2022/3/7
asymptomatic,Changning,1,2022/3/8
asymptomatic,Changning,1,2022/3/9
asymptomatic,Changning,1,2022/3/10
asymptomatic,Changning,1,2022/3/11
asymptomatic,Changning,2,2022/3/12
asymptomatic,Changning,1,2022/3/13
asymptomatic,Changning,0,2022/3/14
asymptomatic,Changning,0,2022/3/15
asymptomatic,Changning,4,2022/3/16
asymptomatic,Changning,1,2022/3/17
asymptomatic,Changning,7,2022/3/18
asymptomatic,Changning,12,2022/3/19
asymptomatic,Changning,0,2022/3/20
asymptomatic,Changning,26,2022/3/21
asymptomatic,Changning,20,2022/3/22
asymptomatic,Changning,11,2022/3/23
asymptomatic,Changning,59,2022/3/24
asymptomatic,Changning,4,2022/3/25
asymptomatic,Changning,27,2022/3/26
asymptomatic,Changning,46,2022/3/27
asymptomatic,Changning,108,2022/3/28
asymptomatic,Changning,33,2022/3/29
asymptomatic,Changning,122,2022/3/30
asymptomatic,Changning,215,2022/3/31
asymptomatic,Changning,38,2022/4/1
asymptomatic,Changning,94,2022/4/2
asymptomatic,Changning,90,2022/4/3
asymptomatic,Changning,38,2022/4/4
asymptomatic,Changning,86,2022/4/5
asymptomatic,Changning,328,2022/4/6
asymptomatic,Changning,825,2022/4/7
asymptomatic,Changning,594,2022/4/8
asymptomatic,Changning,731,2022/4/9
asymptomatic,Changning,382,2022/4/10
asymptomatic,Changning,368,2022/4/11
asymptomatic,Changning,1043,2022/4/12
asymptomatic,Changning,852,2022/4/13
asymptomatic,Changning,850,2022/4/14
asymptomatic,Changning,519,2022/4/15
asymptomatic,Changning,579,2022/4/16
asymptomatic,Changning,677,2022/4/17
asymptomatic,Changning,487,2022/4/18
asymptomatic,Changning,565,2022/4/19
asymptomatic,Changning,603,2022/4/20
asymptomatic,Changning,411,2022/4/21
asymptomatic,Changning,549,2022/4/22
asymptomatic,Changning,658,2022/4/23
asymptomatic,Changning,673,2022/4/24
asymptomatic,Changning,437,2022/4/25
asymptomatic,Changning,355,2022/4/26
asymptomatic,Changning,189,2022/4/27
asymptomatic,Changning,384,2022/4/28
asymptomatic,Changning,319,2022/4/29
asymptomatic,Changning,141,2022/4/30
asymptomatic,Changning,210,2022/5/1
asymptomatic,Changning,147,2022/5/2
asymptomatic,Changning,96,2022/5/3
asymptomatic,Changning,116,2022/5/4
asymptomatic,Changning,86,2022/5/5
asymptomatic,Changning,64,2022/5/6
asymptomatic,Changning,62,2022/5/7
asymptomatic,Changning,70,2022/5/8
asymptomatic,Changning,52,2022/5/9
asymptomatic,Changning,14,2022/5/10
asymptomatic,Changning,39,2022/5/11
asymptomatic,Changning,59,2022/5/12
asymptomatic,Changning,37,2022/5/13
asymptomatic,Changning,48,2022/5/14
asymptomatic,Changning,15,2022/5/15
asymptomatic,Changning,24,2022/5/16
asymptomatic,Changning,16,2022/5/17
asymptomatic,Putuo,0,2022/2/17
asymptomatic,Putuo,0,2022/2/18
asymptomatic,Putuo,0,2022/2/19
asymptomatic,Putuo,0,2022/2/20
asymptomatic,Putuo,0,2022/2/21
asymptomatic,Putuo,0,2022/2/22
asymptomatic,Putuo,0,2022/2/23
asymptomatic,Putuo,0,2022/2/24
asymptomatic,Putuo,0,2022/2/25
asymptomatic,Putuo,0,2022/2/26
asymptomatic,Putuo,0,2022/2/27
asymptomatic,Putuo,0,2022/2/28
asymptomatic,Putuo,0,2022/3/1
asymptomatic,Putuo,3,2022/3/2
asymptomatic,Putuo,9,2022/3/3
asymptomatic,Putuo,1,2022/3/4
asymptomatic,Putuo,1,2022/3/5
asymptomatic,Putuo,5,2022/3/6
asymptomatic,Putuo,0,2022/3/7
asymptomatic,Putuo,2,2022/3/8
asymptomatic,Putuo,1,2022/3/9
asymptomatic,Putuo,4,2022/3/10
asymptomatic,Putuo,0,2022/3/11
asymptomatic,Putuo,1,2022/3/12
asymptomatic,Putuo,6,2022/3/13
asymptomatic,Putuo,0,2022/3/14
asymptomatic,Putuo,0,2022/3/15
asymptomatic,Putuo,4,2022/3/16
asymptomatic,Putuo,6,2022/3/17
asymptomatic,Putuo,22,2022/3/18
asymptomatic,Putuo,25,2022/3/19
asymptomatic,Putuo,0,2022/3/20
asymptomatic,Putuo,31,2022/3/21
asymptomatic,Putuo,21,2022/3/22
asymptomatic,Putuo,34,2022/3/23
asymptomatic,Putuo,36,2022/3/24
asymptomatic,Putuo,8,2022/3/25
asymptomatic,Putuo,68,2022/3/26
asymptomatic,Putuo,67,2022/3/27
asymptomatic,Putuo,79,2022/3/28
asymptomatic,Putuo,106,2022/3/29
asymptomatic,Putuo,142,2022/3/30
asymptomatic,Putuo,11,2022/3/31
asymptomatic,Putuo,236,2022/4/1
asymptomatic,Putuo,351,2022/4/2
asymptomatic,Putuo,304,2022/4/3
asymptomatic,Putuo,255,2022/4/4
asymptomatic,Putuo,482,2022/4/5
asymptomatic,Putuo,1008,2022/4/6
asymptomatic,Putuo,947,2022/4/7
asymptomatic,Putuo,1073,2022/4/8
asymptomatic,Putuo,629,2022/4/9
asymptomatic,Putuo,994,2022/4/10
asymptomatic,Putuo,1841,2022/4/11
asymptomatic,Putuo,1120,2022/4/12
asymptomatic,Putuo,430,2022/4/13
asymptomatic,Putuo,219,2022/4/14
asymptomatic,Putuo,360,2022/4/15
asymptomatic,Putuo,1186,2022/4/16
asymptomatic,Putuo,895,2022/4/17
asymptomatic,Putuo,350,2022/4/18
asymptomatic,Putuo,428,2022/4/19
asymptomatic,Putuo,506,2022/4/20
asymptomatic,Putuo,395,2022/4/21
asymptomatic,Putuo,452,2022/4/22
asymptomatic,Putuo,439,2022/4/23
asymptomatic,Putuo,434,2022/4/24
asymptomatic,Putuo,371,2022/4/25
asymptomatic,Putuo,261,2022/4/26
asymptomatic,Putuo,277,2022/4/27
asymptomatic,Putuo,139,2022/4/28
asymptomatic,Putuo,86,2022/4/29
asymptomatic,Putuo,87,2022/4/30
asymptomatic,Putuo,83,2022/5/1
asymptomatic,Putuo,78,2022/5/2
asymptomatic,Putuo,54,2022/5/3
asymptomatic,Putuo,88,2022/5/4
asymptomatic,Putuo,78,2022/5/5
asymptomatic,Putuo,72,2022/5/6
asymptomatic,Putuo,51,2022/5/7
asymptomatic,Putuo,44,2022/5/8
asymptomatic,Putuo,43,2022/5/9
asymptomatic,Putuo,25,2022/5/10
asymptomatic,Putuo,27,2022/5/11
asymptomatic,Putuo,27,2022/5/12
asymptomatic,Putuo,24,2022/5/13
asymptomatic,Putuo,26,2022/5/14
asymptomatic,Putuo,6,2022/5/15
asymptomatic,Putuo,8,2022/5/16
asymptomatic,Putuo,12,2022/5/17
asymptomatic,Qingpu,0,2022/2/17
asymptomatic,Qingpu,0,2022/2/18
asymptomatic,Qingpu,0,2022/2/19
asymptomatic,Qingpu,0,2022/2/20
asymptomatic,Qingpu,0,2022/2/21
asymptomatic,Qingpu,0,2022/2/22
asymptomatic,Qingpu,0,2022/2/23
asymptomatic,Qingpu,0,2022/2/24
asymptomatic,Qingpu,0,2022/2/25
asymptomatic,Qingpu,0,2022/2/26
asymptomatic,Qingpu,0,2022/2/27
asymptomatic,Qingpu,0,2022/2/28
asymptomatic,Qingpu,0,2022/3/1
asymptomatic,Qingpu,0,2022/3/2
asymptomatic,Qingpu,0,2022/3/3
asymptomatic,Qingpu,2,2022/3/4
asymptomatic,Qingpu,1,2022/3/5
asymptomatic,Qingpu,0,2022/3/6
asymptomatic,Qingpu,0,2022/3/7
asymptomatic,Qingpu,3,2022/3/8
asymptomatic,Qingpu,0,2022/3/9
asymptomatic,Qingpu,4,2022/3/10
asymptomatic,Qingpu,2,2022/3/11
asymptomatic,Qingpu,0,2022/3/12
asymptomatic,Qingpu,2,2022/3/13
asymptomatic,Qingpu,0,2022/3/14
asymptomatic,Qingpu,0,2022/3/15
asymptomatic,Qingpu,1,2022/3/16
asymptomatic,Qingpu,1,2022/3/17
asymptomatic,Qingpu,16,2022/3/18
asymptomatic,Qingpu,5,2022/3/19
asymptomatic,Qingpu,0,2022/3/20
asymptomatic,Qingpu,5,2022/3/21
asymptomatic,Qingpu,20,2022/3/22
asymptomatic,Qingpu,10,2022/3/23
asymptomatic,Qingpu,13,2022/3/24
asymptomatic,Qingpu,13,2022/3/25
asymptomatic,Qingpu,20,2022/3/26
asymptomatic,Qingpu,43,2022/3/27
asymptomatic,Qingpu,54,2022/3/28
asymptomatic,Qingpu,84,2022/3/29
asymptomatic,Qingpu,73,2022/3/30
asymptomatic,Qingpu,97,2022/3/31
asymptomatic,Qingpu,87,2022/4/1
asymptomatic,Qingpu,221,2022/4/2
asymptomatic,Qingpu,217,2022/4/3
asymptomatic,Qingpu,319,2022/4/4
asymptomatic,Qingpu,394,2022/4/5
asymptomatic,Qingpu,465,2022/4/6
asymptomatic,Qingpu,491,2022/4/7
asymptomatic,Qingpu,318,2022/4/8
asymptomatic,Qingpu,548,2022/4/9
asymptomatic,Qingpu,876,2022/4/10
asymptomatic,Qingpu,324,2022/4/11
asymptomatic,Qingpu,463,2022/4/12
asymptomatic,Qingpu,220,2022/4/13
asymptomatic,Qingpu,176,2022/4/14
asymptomatic,Qingpu,405,2022/4/15
asymptomatic,Qingpu,259,2022/4/16
asymptomatic,Qingpu,352,2022/4/17
asymptomatic,Qingpu,180,2022/4/18
asymptomatic,Qingpu,317,2022/4/19
asymptomatic,Qingpu,160,2022/4/20
asymptomatic,Qingpu,325,2022/4/21
asymptomatic,Qingpu,315,2022/4/22
asymptomatic,Qingpu,398,2022/4/23
asymptomatic,Qingpu,243,2022/4/24
asymptomatic,Qingpu,335,2022/4/25
asymptomatic,Qingpu,284,2022/4/26
asymptomatic,Qingpu,204,2022/4/27
asymptomatic,Qingpu,132,2022/4/28
asymptomatic,Qingpu,110,2022/4/29
asymptomatic,Qingpu,107,2022/4/30
asymptomatic,Qingpu,91,2022/5/1
asymptomatic,Qingpu,84,2022/5/2
asymptomatic,Qingpu,41,2022/5/3
asymptomatic,Qingpu,66,2022/5/4
asymptomatic,Qingpu,56,2022/5/5
asymptomatic,Qingpu,166,2022/5/6
asymptomatic,Qingpu,31,2022/5/7
asymptomatic,Qingpu,48,2022/5/8
asymptomatic,Qingpu,54,2022/5/9
asymptomatic,Qingpu,16,2022/5/10
asymptomatic,Qingpu,34,2022/5/11
asymptomatic,Qingpu,19,2022/5/12
asymptomatic,Qingpu,15,2022/5/13
asymptomatic,Qingpu,26,2022/5/14
asymptomatic,Qingpu,9,2022/5/15
asymptomatic,Qingpu,19,2022/5/16
asymptomatic,Qingpu,14,2022/5/17
asymptomatic,Chongming,0,2022/2/17
asymptomatic,Chongming,0,2022/2/18
asymptomatic,Chongming,0,2022/2/19
asymptomatic,Chongming,0,2022/2/20
asymptomatic,Chongming,0,2022/2/21
asymptomatic,Chongming,0,2022/2/22
asymptomatic,Chongming,0,2022/2/23
asymptomatic,Chongming,0,2022/2/24
asymptomatic,Chongming,0,2022/2/25
asymptomatic,Chongming,0,2022/2/26
asymptomatic,Chongming,0,2022/2/27
asymptomatic,Chongming,0,2022/2/28
asymptomatic,Chongming,0,2022/3/1
asymptomatic,Chongming,0,2022/3/2
asymptomatic,Chongming,0,2022/3/3
asymptomatic,Chongming,0,2022/3/4
asymptomatic,Chongming,0,2022/3/5
asymptomatic,Chongming,0,2022/3/6
asymptomatic,Chongming,0,2022/3/7
asymptomatic,Chongming,0,2022/3/8
asymptomatic,Chongming,0,2022/3/9
asymptomatic,Chongming,0,2022/3/10
asymptomatic,Chongming,0,2022/3/11
asymptomatic,Chongming,0,2022/3/12
asymptomatic,Chongming,0,2022/3/13
asymptomatic,Chongming,0,2022/3/14
asymptomatic,Chongming,0,2022/3/15
asymptomatic,Chongming,0,2022/3/16
asymptomatic,Chongming,3,2022/3/17
asymptomatic,Chongming,0,2022/3/18
asymptomatic,Chongming,22,2022/3/19
asymptomatic,Chongming,0,2022/3/20
asymptomatic,Chongming,38,2022/3/21
asymptomatic,Chongming,19,2022/3/22
asymptomatic,Chongming,54,2022/3/23
asymptomatic,Chongming,82,2022/3/24
asymptomatic,Chongming,41,2022/3/25
asymptomatic,Chongming,27,2022/3/26
asymptomatic,Chongming,237,2022/3/27
asymptomatic,Chongming,68,2022/3/28
asymptomatic,Chongming,55,2022/3/29
asymptomatic,Chongming,195,2022/3/30
asymptomatic,Chongming,42,2022/3/31
asymptomatic,Chongming,83,2022/4/1
asymptomatic,Chongming,108,2022/4/2
asymptomatic,Chongming,143,2022/4/3
asymptomatic,Chongming,49,2022/4/4
asymptomatic,Chongming,76,2022/4/5
asymptomatic,Chongming,63,2022/4/6
asymptomatic,Chongming,260,2022/4/7
asymptomatic,Chongming,167,2022/4/8
asymptomatic,Chongming,167,2022/4/9
asymptomatic,Chongming,55,2022/4/10
asymptomatic,Chongming,51,2022/4/11
asymptomatic,Chongming,57,2022/4/12
asymptomatic,Chongming,56,2022/4/13
asymptomatic,Chongming,31,2022/4/14
asymptomatic,Chongming,41,2022/4/15
asymptomatic,Chongming,36,2022/4/16
asymptomatic,Chongming,43,2022/4/17
asymptomatic,Chongming,21,2022/4/18
asymptomatic,Chongming,55,2022/4/19
asymptomatic,Chongming,57,2022/4/20
asymptomatic,Chongming,96,2022/4/21
asymptomatic,Chongming,103,2022/4/22
asymptomatic,Chongming,182,2022/4/23
asymptomatic,Chongming,68,2022/4/24
asymptomatic,Chongming,438,2022/4/25
asymptomatic,Chongming,453,2022/4/26
asymptomatic,Chongming,173,2022/4/27
asymptomatic,Chongming,35,2022/4/28
asymptomatic,Chongming,269,2022/4/29
asymptomatic,Chongming,307,2022/4/30
asymptomatic,Chongming,75,2022/5/1
asymptomatic,Chongming,135,2022/5/2
asymptomatic,Chongming,99,2022/5/3
asymptomatic,Chongming,55,2022/5/4
asymptomatic,Chongming,47,2022/5/5
asymptomatic,Chongming,99,2022/5/6
asymptomatic,Chongming,51,2022/5/7
asymptomatic,Chongming,13,2022/5/8
asymptomatic,Chongming,6,2022/5/9
asymptomatic,Chongming,8,2022/5/10
asymptomatic,Chongming,4,2022/5/11
asymptomatic,Chongming,6,2022/5/12
asymptomatic,Chongming,3,2022/5/13
asymptomatic,Chongming,1,2022/5/14
asymptomatic,Chongming,0,2022/5/15
asymptomatic,Chongming,0,2022/5/16
asymptomatic,Chongming,0,2022/5/17
asymptomatic,Jinshan,0,2022/2/17
asymptomatic,Jinshan,0,2022/2/18
asymptomatic,Jinshan,0,2022/2/19
asymptomatic,Jinshan,0,2022/2/20
asymptomatic,Jinshan,0,2022/2/21
asymptomatic,Jinshan,0,2022/2/22
asymptomatic,Jinshan,0,2022/2/23
asymptomatic,Jinshan,0,2022/2/24
asymptomatic,Jinshan,0,2022/2/25
asymptomatic,Jinshan,0,2022/2/26
asymptomatic,Jinshan,0,2022/2/27
asymptomatic,Jinshan,0,2022/2/28
asymptomatic,Jinshan,0,2022/3/1
asymptomatic,Jinshan,0,2022/3/2
asymptomatic,Jinshan,0,2022/3/3
asymptomatic,Jinshan,0,2022/3/4
asymptomatic,Jinshan,0,2022/3/5
asymptomatic,Jinshan,0,2022/3/6
asymptomatic,Jinshan,1,2022/3/7
asymptomatic,Jinshan,0,2022/3/8
asymptomatic,Jinshan,0,2022/3/9
asymptomatic,Jinshan,0,2022/3/10
asymptomatic,Jinshan,4,2022/3/11
asymptomatic,Jinshan,4,2022/3/12
asymptomatic,Jinshan,6,2022/3/13
asymptomatic,Jinshan,0,2022/3/14
asymptomatic,Jinshan,0,2022/3/15
asymptomatic,Jinshan,0,2022/3/16
asymptomatic,Jinshan,1,2022/3/17
asymptomatic,Jinshan,15,2022/3/18
asymptomatic,Jinshan,3,2022/3/19
asymptomatic,Jinshan,0,2022/3/20
asymptomatic,Jinshan,15,2022/3/21
asymptomatic,Jinshan,3,2022/3/22
asymptomatic,Jinshan,5,2022/3/23
asymptomatic,Jinshan,12,2022/3/24
asymptomatic,Jinshan,1,2022/3/25
asymptomatic,Jinshan,4,2022/3/26
asymptomatic,Jinshan,14,2022/3/27
asymptomatic,Jinshan,18,2022/3/28
asymptomatic,Jinshan,24,2022/3/29
asymptomatic,Jinshan,33,2022/3/30
asymptomatic,Jinshan,39,2022/3/31
asymptomatic,Jinshan,47,2022/4/1
asymptomatic,Jinshan,61,2022/4/2
asymptomatic,Jinshan,99,2022/4/3
asymptomatic,Jinshan,52,2022/4/4
asymptomatic,Jinshan,81,2022/4/5
asymptomatic,Jinshan,76,2022/4/6
asymptomatic,Jinshan,56,2022/4/7
asymptomatic,Jinshan,45,2022/4/8
asymptomatic,Jinshan,24,2022/4/9
asymptomatic,Jinshan,42,2022/4/10
asymptomatic,Jinshan,35,2022/4/11
asymptomatic,Jinshan,36,2022/4/12
asymptomatic,Jinshan,22,2022/4/13
asymptomatic,Jinshan,5,2022/4/14
asymptomatic,Jinshan,10,2022/4/15
asymptomatic,Jinshan,12,2022/4/16
asymptomatic,Jinshan,19,2022/4/17
asymptomatic,Jinshan,4,2022/4/18
asymptomatic,Jinshan,8,2022/4/19
asymptomatic,Jinshan,9,2022/4/20
asymptomatic,Jinshan,22,2022/4/21
asymptomatic,Jinshan,26,2022/4/22
asymptomatic,Jinshan,44,2022/4/23
asymptomatic,Jinshan,68,2022/4/24
asymptomatic,Jinshan,22,2022/4/25
asymptomatic,Jinshan,26,2022/4/26
asymptomatic,Jinshan,31,2022/4/27
asymptomatic,Jinshan,20,2022/4/28
asymptomatic,Jinshan,18,2022/4/29
asymptomatic,Jinshan,11,2022/4/30
asymptomatic,Jinshan,12,2022/5/1
asymptomatic,Jinshan,7,2022/5/2
asymptomatic,Jinshan,4,2022/5/3
asymptomatic,Jinshan,2,2022/5/4
asymptomatic,Jinshan,1,2022/5/5
asymptomatic,Jinshan,5,2022/5/6
asymptomatic,Jinshan,0,2022/5/7
asymptomatic,Jinshan,2,2022/5/8
asymptomatic,Jinshan,1,2022/5/9
asymptomatic,Jinshan,0,2022/5/10
asymptomatic,Jinshan,3,2022/5/11
asymptomatic,Jinshan,1,2022/5/12
asymptomatic,Jinshan,7,2022/5/13
asymptomatic,Jinshan,16,2022/5/14
asymptomatic,Jinshan,3,2022/5/15
asymptomatic,Jinshan,5,2022/5/16
asymptomatic,Jinshan,8,2022/5/17
asymptomatic,Fengxian,0,2022/2/17
asymptomatic,Fengxian,0,2022/2/18
asymptomatic,Fengxian,0,2022/2/19
asymptomatic,Fengxian,0,2022/2/20
asymptomatic,Fengxian,0,2022/2/21
asymptomatic,Fengxian,0,2022/2/22
asymptomatic,Fengxian,0,2022/2/23
asymptomatic,Fengxian,0,2022/2/24
asymptomatic,Fengxian,0,2022/2/25
asymptomatic,Fengxian,0,2022/2/26
asymptomatic,Fengxian,0,2022/2/27
asymptomatic,Fengxian,0,2022/2/28
asymptomatic,Fengxian,0,2022/3/1
asymptomatic,Fengxian,0,2022/3/2
asymptomatic,Fengxian,0,2022/3/3
asymptomatic,Fengxian,0,2022/3/4
asymptomatic,Fengxian,1,2022/3/5
asymptomatic,Fengxian,2,2022/3/6
asymptomatic,Fengxian,0,2022/3/7
asymptomatic,Fengxian,0,2022/3/8
asymptomatic,Fengxian,1,2022/3/9
asymptomatic,Fengxian,0,2022/3/10
asymptomatic,Fengxian,1,2022/3/11
asymptomatic,Fengxian,0,2022/3/12
asymptomatic,Fengxian,1,2022/3/13
asymptomatic,Fengxian,0,2022/3/14
asymptomatic,Fengxian,0,2022/3/15
asymptomatic,Fengxian,2,2022/3/16
asymptomatic,Fengxian,2,2022/3/17
asymptomatic,Fengxian,7,2022/3/18
asymptomatic,Fengxian,6,2022/3/19
asymptomatic,Fengxian,0,2022/3/20
asymptomatic,Fengxian,21,2022/3/21
asymptomatic,Fengxian,8,2022/3/22
asymptomatic,Fengxian,12,2022/3/23
asymptomatic,Fengxian,24,2022/3/24
asymptomatic,Fengxian,0,2022/3/25
asymptomatic,Fengxian,85,2022/3/26
asymptomatic,Fengxian,45,2022/3/27
asymptomatic,Fengxian,115,2022/3/28
asymptomatic,Fengxian,94,2022/3/29
asymptomatic,Fengxian,123,2022/3/30
asymptomatic,Fengxian,172,2022/3/31
asymptomatic,Fengxian,160,2022/4/1
asymptomatic,Fengxian,150,2022/4/2
asymptomatic,Fengxian,117,2022/4/3
asymptomatic,Fengxian,68,2022/4/4
asymptomatic,Fengxian,151,2022/4/5
asymptomatic,Fengxian,267,2022/4/6
asymptomatic,Fengxian,62,2022/4/7
asymptomatic,Fengxian,85,2022/4/8
asymptomatic,Fengxian,111,2022/4/9
asymptomatic,Fengxian,27,2022/4/10
asymptomatic,Fengxian,64,2022/4/11
asymptomatic,Fengxian,32,2022/4/12
asymptomatic,Fengxian,81,2022/4/13
asymptomatic,Fengxian,15,2022/4/14
asymptomatic,Fengxian,83,2022/4/15
asymptomatic,Fengxian,28,2022/4/16
asymptomatic,Fengxian,19,2022/4/17
asymptomatic,Fengxian,12,2022/4/18
asymptomatic,Fengxian,58,2022/4/19
asymptomatic,Fengxian,26,2022/4/20
asymptomatic,Fengxian,20,2022/4/21
asymptomatic,Fengxian,2,2022/4/22
asymptomatic,Fengxian,15,2022/4/23
asymptomatic,Fengxian,7,2022/4/24
asymptomatic,Fengxian,9,2022/4/25
asymptomatic,Fengxian,11,2022/4/26
asymptomatic,Fengxian,3,2022/4/27
asymptomatic,Fengxian,3,2022/4/28
asymptomatic,Fengxian,25,2022/4/29
asymptomatic,Fengxian,2,2022/4/30
asymptomatic,Fengxian,12,2022/5/1
asymptomatic,Fengxian,10,2022/5/2
asymptomatic,Fengxian,6,2022/5/3
asymptomatic,Fengxian,1,2022/5/4
asymptomatic,Fengxian,11,2022/5/5
asymptomatic,Fengxian,19,2022/5/6
asymptomatic,Fengxian,11,2022/5/7
asymptomatic,Fengxian,2,2022/5/8
asymptomatic,Fengxian,5,2022/5/9
asymptomatic,Fengxian,0,2022/5/10
asymptomatic,Fengxian,5,2022/5/11
asymptomatic,Fengxian,1,2022/5/12
asymptomatic,Fengxian,0,2022/5/13
asymptomatic,Fengxian,0,2022/5/14
asymptomatic,Fengxian,1,2022/5/15
asymptomatic,Fengxian,1,2022/5/16
asymptomatic,Fengxian,0,2022/5/17
