date,hour,Frequency,helpLevel
2022/4/6,17,1,urgent
2022/4/6,18,1,urgent
2022/4/6,19,1,urgent
2022/4/6,20,2,acute
2022/4/6,20,3,urgent
2022/4/6,21,1,acute
2022/4/6,21,2,urgent
2022/4/6,22,2,critical
2022/4/6,22,1,acute
2022/4/6,22,4,urgent
2022/4/6,23,2,critical
2022/4/6,23,4,acute
2022/4/6,23,8,urgent
2022/4/7,0,1,critical
2022/4/7,0,1,acute
2022/4/7,0,10,urgent
2022/4/7,1,1,critical
2022/4/7,1,1,urgent
2022/4/7,2,1,critical
2022/4/7,2,1,acute
2022/4/7,2,2,urgent
2022/4/7,3,1,acute
2022/4/7,4,1,urgent
2022/4/7,5,1,urgent
2022/4/7,6,3,critical
2022/4/7,6,1,acute
2022/4/7,6,2,urgent
2022/4/7,7,4,acute
2022/4/7,7,1,urgent
2022/4/7,8,3,critical
2022/4/7,8,5,acute
2022/4/7,8,3,urgent
2022/4/7,9,2,critical
2022/4/7,9,3,acute
2022/4/7,9,4,urgent
2022/4/7,10,1,critical
2022/4/7,10,4,acute
2022/4/7,10,4,urgent
2022/4/7,11,1,critical
2022/4/7,11,3,acute
2022/4/7,11,8,urgent
2022/4/7,12,3,critical
2022/4/7,12,3,acute
2022/4/7,12,5,urgent
2022/4/7,13,3,critical
2022/4/7,13,4,acute
2022/4/7,13,7,urgent
2022/4/7,14,1,critical
2022/4/7,14,4,acute
2022/4/7,14,6,urgent
2022/4/7,15,1,acute
2022/4/7,15,9,urgent
2022/4/7,17,1,critical
2022/4/7,17,3,acute
2022/4/7,17,2,urgent
2022/4/7,18,1,critical
2022/4/7,18,3,acute
2022/4/7,18,4,urgent
2022/4/7,19,1,critical
2022/4/7,19,3,acute
2022/4/7,19,5,urgent
2022/4/7,20,5,acute
2022/4/7,20,9,urgent
2022/4/7,21,9,acute
2022/4/7,21,16,urgent
2022/4/7,22,1,critical
2022/4/7,22,7,acute
2022/4/7,22,5,urgent
2022/4/7,23,1,critical
2022/4/7,23,7,acute
2022/4/7,23,9,urgent
2022/4/8,0,4,critical
2022/4/8,0,10,acute
2022/4/8,0,9,urgent
2022/4/8,1,2,acute
2022/4/8,1,4,urgent
2022/4/8,2,1,critical
2022/4/8,2,3,urgent
2022/4/8,3,2,critical
2022/4/8,3,1,acute
2022/4/8,3,2,urgent
2022/4/8,4,2,acute
2022/4/8,5,1,acute
2022/4/8,5,1,urgent
2022/4/8,6,1,critical
2022/4/8,6,2,acute
2022/4/8,6,11,urgent
2022/4/8,7,9,acute
2022/4/8,7,7,urgent
2022/4/8,8,2,critical
2022/4/8,8,7,acute
2022/4/8,8,9,urgent
2022/4/8,9,2,critical
2022/4/8,9,6,acute
2022/4/8,9,10,urgent
2022/4/8,10,1,critical
2022/4/8,10,7,acute
2022/4/8,10,13,urgent
2022/4/8,11,2,critical
2022/4/8,11,7,acute
2022/4/8,11,11,urgent
2022/4/8,12,4,critical
2022/4/8,12,12,acute
2022/4/8,12,9,urgent
2022/4/8,13,1,critical
2022/4/8,13,8,acute
2022/4/8,13,11,urgent
2022/4/8,14,3,critical
2022/4/8,14,9,acute
2022/4/8,14,7,urgent
2022/4/8,15,1,critical
2022/4/8,15,10,acute
2022/4/8,15,8,urgent
2022/4/8,16,2,critical
2022/4/8,16,14,acute
2022/4/8,16,12,urgent
2022/4/8,17,3,critical
2022/4/8,17,13,acute
2022/4/8,17,8,urgent
2022/4/8,18,2,critical
2022/4/8,18,10,acute
2022/4/8,18,11,urgent
2022/4/8,19,4,critical
2022/4/8,19,20,acute
2022/4/8,19,27,urgent
2022/4/8,20,8,critical
2022/4/8,20,21,acute
2022/4/8,20,9,urgent
2022/4/8,21,8,critical
2022/4/8,21,22,acute
2022/4/8,21,14,urgent
2022/4/8,22,7,critical
2022/4/8,22,18,acute
2022/4/8,22,16,urgent
2022/4/8,23,7,critical
2022/4/8,23,15,acute
2022/4/8,23,11,urgent
2022/4/9,0,11,acute
2022/4/9,0,6,urgent
2022/4/9,1,1,critical
2022/4/9,1,7,acute
2022/4/9,1,8,urgent
2022/4/9,2,1,critical
2022/4/9,2,2,acute
2022/4/9,2,2,urgent
2022/4/9,3,1,critical
2022/4/9,4,1,critical
2022/4/9,4,1,acute
2022/4/9,4,1,urgent
2022/4/9,5,1,acute
2022/4/9,6,4,acute
2022/4/9,6,4,urgent
2022/4/9,7,2,critical
2022/4/9,7,5,acute
2022/4/9,7,6,urgent
2022/4/9,8,5,critical
2022/4/9,8,4,acute
2022/4/9,8,4,urgent
2022/4/9,9,2,critical
2022/4/9,9,6,acute
2022/4/9,9,7,urgent
2022/4/9,10,5,critical
2022/4/9,10,11,acute
2022/4/9,10,6,urgent
2022/4/9,11,7,acute
2022/4/9,11,9,urgent
2022/4/9,12,3,critical
2022/4/9,12,11,acute
2022/4/9,12,7,urgent
2022/4/9,13,4,critical
2022/4/9,13,10,acute
2022/4/9,13,8,urgent
2022/4/9,14,1,acute
2022/4/9,14,2,urgent
2022/4/9,15,1,critical
2022/4/9,15,7,acute
2022/4/9,15,6,urgent
2022/4/9,16,4,critical
2022/4/9,16,6,acute
2022/4/9,16,2,urgent
2022/4/9,17,2,critical
2022/4/9,17,4,acute
2022/4/9,17,5,urgent
2022/4/9,18,2,critical
2022/4/9,18,5,acute
2022/4/9,18,2,urgent
2022/4/9,19,2,critical
2022/4/9,19,7,acute
2022/4/9,19,3,urgent
2022/4/9,20,3,critical
2022/4/9,20,5,acute
2022/4/9,20,3,urgent
2022/4/9,21,4,critical
2022/4/9,21,5,acute
2022/4/9,21,6,urgent
2022/4/9,22,2,critical
2022/4/9,22,9,acute
2022/4/9,22,6,urgent
2022/4/9,23,3,critical
2022/4/9,23,9,acute
2022/4/9,23,5,urgent
2022/4/10,0,7,critical
2022/4/10,0,10,acute
2022/4/10,0,7,urgent
2022/4/10,1,2,critical
2022/4/10,1,15,acute
2022/4/10,1,7,urgent
2022/4/10,2,2,critical
2022/4/10,2,7,acute
2022/4/10,2,6,urgent
2022/4/10,3,3,acute
2022/4/10,3,2,urgent
2022/4/10,4,1,critical
2022/4/10,4,4,acute
2022/4/10,4,2,urgent
2022/4/10,5,2,critical
2022/4/10,5,1,acute
2022/4/10,6,1,critical
2022/4/10,6,17,acute
2022/4/10,6,13,urgent
2022/4/10,7,6,critical
2022/4/10,7,20,acute
2022/4/10,7,23,urgent
2022/4/10,8,17,critical
2022/4/10,8,46,acute
2022/4/10,8,25,urgent
2022/4/10,9,35,critical
2022/4/10,9,89,acute
2022/4/10,9,44,urgent
2022/4/10,10,53,critical
2022/4/10,10,126,acute
2022/4/10,10,88,urgent
2022/4/10,11,33,critical
2022/4/10,11,84,acute
2022/4/10,11,42,urgent
2022/4/10,12,2,critical
2022/4/10,18,8,critical
2022/4/10,18,21,acute
2022/4/10,18,3,urgent
2022/4/10,19,12,critical
2022/4/10,19,17,acute
2022/4/10,19,8,urgent
2022/4/10,20,19,critical
2022/4/10,20,31,acute
2022/4/10,20,8,urgent
2022/4/10,21,4,critical
2022/4/10,21,17,acute
2022/4/10,21,8,urgent
2022/4/10,22,9,critical
2022/4/10,22,18,acute
2022/4/10,22,10,urgent
2022/4/10,23,8,critical
2022/4/10,23,15,acute
2022/4/10,23,4,urgent
2022/4/11,0,4,critical
2022/4/11,0,25,acute
2022/4/11,0,3,urgent
2022/4/11,1,2,critical
2022/4/11,1,16,acute
2022/4/11,1,5,urgent
2022/4/11,2,1,critical
2022/4/11,2,1,acute
2022/4/11,2,4,urgent
2022/4/11,3,3,critical
2022/4/11,3,3,acute
2022/4/11,4,1,critical
2022/4/11,4,2,acute
2022/4/11,4,1,urgent
2022/4/11,5,3,acute
2022/4/11,6,4,critical
2022/4/11,6,8,acute
2022/4/11,6,5,urgent
2022/4/11,10,1,acute
2022/4/11,11,1,critical
2022/4/11,11,2,acute
2022/4/11,12,1,critical
2022/4/11,12,2,acute
2022/4/11,13,5,critical
2022/4/11,13,11,acute
2022/4/11,13,2,urgent
2022/4/11,14,12,critical
2022/4/11,14,23,acute
2022/4/11,14,9,urgent
2022/4/11,15,7,critical
2022/4/11,15,14,acute
2022/4/11,15,9,urgent
2022/4/11,16,6,critical
2022/4/11,16,13,acute
2022/4/11,16,8,urgent
2022/4/11,17,2,critical
2022/4/11,17,8,acute
2022/4/11,17,6,urgent
2022/4/11,18,4,critical
2022/4/11,18,9,acute
2022/4/11,18,3,urgent
2022/4/11,19,8,critical
2022/4/11,19,7,acute
2022/4/11,19,5,urgent
2022/4/11,20,7,critical
2022/4/11,20,6,acute
2022/4/11,20,2,urgent
2022/4/11,21,3,critical
2022/4/11,21,8,acute
2022/4/11,21,3,urgent
2022/4/11,22,9,critical
2022/4/11,22,6,acute
2022/4/11,22,2,urgent
2022/4/11,23,8,critical
2022/4/11,23,9,acute
2022/4/11,23,3,urgent
2022/4/12,0,1,critical
2022/4/12,0,2,acute
2022/4/12,0,3,urgent
2022/4/12,1,1,critical
2022/4/12,1,6,acute
2022/4/12,2,2,acute
2022/4/12,3,1,acute
2022/4/12,4,1,urgent
2022/4/12,5,1,critical
2022/4/12,5,2,acute
2022/4/12,5,1,urgent
2022/4/12,6,1,critical
2022/4/12,6,1,acute
2022/4/12,6,2,urgent
2022/4/12,7,1,critical
2022/4/12,7,5,acute
2022/4/12,7,4,urgent
2022/4/12,8,5,critical
2022/4/12,8,3,acute
2022/4/12,8,1,urgent
2022/4/12,9,6,acute
2022/4/12,9,5,urgent
2022/4/12,10,11,critical
2022/4/12,10,11,acute
2022/4/12,10,4,urgent
2022/4/12,11,7,critical
2022/4/12,11,9,acute
2022/4/12,11,9,urgent
2022/4/12,12,8,critical
2022/4/12,12,14,acute
2022/4/12,12,7,urgent
2022/4/12,13,2,critical
2022/4/12,13,11,acute
2022/4/12,13,5,urgent
2022/4/12,14,5,critical
2022/4/12,14,4,acute
2022/4/12,14,3,urgent
2022/4/12,15,5,critical
2022/4/12,15,7,acute
2022/4/12,15,5,urgent
2022/4/12,16,13,critical
2022/4/12,16,9,acute
2022/4/12,16,8,urgent
2022/4/12,17,8,critical
2022/4/12,17,18,acute
2022/4/12,17,4,urgent
2022/4/12,18,2,critical
2022/4/12,18,4,acute
2022/4/12,18,3,urgent
2022/4/12,19,5,critical
2022/4/12,19,1,acute
2022/4/12,19,2,urgent
2022/4/12,20,1,critical
2022/4/12,20,7,acute
2022/4/12,20,3,urgent
2022/4/12,21,5,critical
2022/4/12,21,11,acute
2022/4/12,21,2,urgent
2022/4/12,22,5,critical
2022/4/12,22,11,acute
2022/4/12,23,2,acute
2022/4/12,23,3,urgent
2022/4/13,0,1,critical
2022/4/13,0,4,acute
2022/4/13,0,1,urgent
2022/4/13,1,2,critical
2022/4/13,1,3,acute
2022/4/13,1,3,urgent
2022/4/13,2,3,acute
2022/4/13,3,1,critical
2022/4/13,4,1,critical
2022/4/13,4,1,urgent
2022/4/13,5,1,critical
2022/4/13,5,1,acute
2022/4/13,5,1,urgent
2022/4/13,6,2,critical
2022/4/13,6,2,acute
2022/4/13,6,3,urgent
2022/4/13,7,2,critical
2022/4/13,7,10,acute
2022/4/13,7,4,urgent
2022/4/13,8,2,critical
2022/4/13,8,4,acute
2022/4/13,8,5,urgent
2022/4/13,9,3,critical
2022/4/13,9,5,acute
2022/4/13,9,1,urgent
2022/4/13,10,12,critical
2022/4/13,10,21,acute
2022/4/13,10,12,urgent
2022/4/13,11,21,critical
2022/4/13,11,57,acute
2022/4/13,11,39,urgent
2022/4/13,12,41,critical
2022/4/13,12,106,acute
2022/4/13,12,45,urgent
2022/4/13,13,53,critical
2022/4/13,13,88,acute
2022/4/13,13,52,urgent
2022/4/13,14,55,critical
2022/4/13,14,122,acute
2022/4/13,14,65,urgent
2022/4/13,15,44,critical
2022/4/13,15,77,acute
2022/4/13,15,38,urgent
2022/4/13,16,29,critical
2022/4/13,16,94,acute
2022/4/13,16,43,urgent
2022/4/13,17,44,critical
2022/4/13,17,78,acute
2022/4/13,17,42,urgent
2022/4/13,18,36,critical
2022/4/13,18,88,acute
2022/4/13,18,37,urgent
2022/4/13,19,31,critical
2022/4/13,19,86,acute
2022/4/13,19,34,urgent
2022/4/13,20,31,critical
2022/4/13,20,70,acute
2022/4/13,20,32,urgent
2022/4/13,21,29,critical
2022/4/13,21,56,acute
2022/4/13,21,34,urgent
2022/4/13,22,36,critical
2022/4/13,22,53,acute
2022/4/13,22,24,urgent
2022/4/13,23,25,critical
2022/4/13,23,56,acute
2022/4/13,23,22,urgent
2022/4/14,0,27,critical
2022/4/14,0,53,acute
2022/4/14,0,23,urgent
2022/4/14,1,12,critical
2022/4/14,1,23,acute
2022/4/14,1,14,urgent
2022/4/14,2,13,critical
2022/4/14,2,17,acute
2022/4/14,2,16,urgent
2022/4/14,3,8,critical
2022/4/14,3,14,acute
2022/4/14,3,11,urgent
2022/4/14,4,1,critical
2022/4/14,4,2,acute
2022/4/14,4,1,urgent
2022/4/14,5,4,critical
2022/4/14,6,4,critical
2022/4/14,6,4,acute
2022/4/14,6,7,urgent
2022/4/14,7,11,critical
2022/4/14,7,1,acute
2022/4/14,8,13,critical
2022/4/14,8,6,acute
2022/4/14,8,1,urgent
2022/4/14,9,14,critical
2022/4/14,9,11,acute
2022/4/14,9,7,urgent
2022/4/14,10,40,critical
2022/4/14,10,70,acute
2022/4/14,10,42,urgent
2022/4/14,11,59,critical
2022/4/14,11,66,acute
2022/4/14,11,51,urgent
2022/4/14,12,63,critical
2022/4/14,12,81,acute
2022/4/14,12,46,urgent
2022/4/14,13,44,critical
2022/4/14,13,32,acute
2022/4/14,13,11,urgent
2022/4/14,14,52,critical
2022/4/14,14,45,acute
2022/4/14,14,23,urgent
2022/4/14,15,68,critical
2022/4/14,15,89,acute
2022/4/14,15,38,urgent
2022/4/14,16,40,critical
2022/4/14,16,35,acute
2022/4/14,16,25,urgent
2022/4/14,17,33,critical
2022/4/14,17,15,acute
2022/4/14,17,6,urgent
2022/4/14,18,14,critical
2022/4/14,18,18,acute
2022/4/14,18,3,urgent
2022/4/14,19,33,critical
2022/4/14,19,16,acute
2022/4/14,19,10,urgent
2022/4/14,20,32,critical
2022/4/14,20,17,acute
2022/4/14,20,4,urgent
2022/4/14,21,28,critical
2022/4/14,21,25,acute
2022/4/14,21,13,urgent
2022/4/14,22,45,critical
2022/4/14,22,24,acute
2022/4/14,22,6,urgent
2022/4/14,23,38,critical
2022/4/14,23,19,acute
2022/4/14,23,9,urgent
2022/4/15,0,32,critical
2022/4/15,0,19,acute
2022/4/15,0,4,urgent
2022/4/15,1,28,critical
2022/4/15,1,12,acute
2022/4/15,1,8,urgent
2022/4/15,2,18,critical
2022/4/15,2,12,acute
2022/4/15,2,3,urgent
2022/4/15,3,19,critical
2022/4/15,3,5,acute
2022/4/15,3,3,urgent
2022/4/15,4,11,critical
2022/4/15,4,4,acute
2022/4/15,4,3,urgent
2022/4/15,5,6,critical
2022/4/15,5,4,acute
2022/4/15,5,2,urgent
2022/4/15,6,18,critical
2022/4/15,6,6,acute
2022/4/15,6,2,urgent
2022/4/15,7,37,critical
2022/4/15,7,7,acute
2022/4/15,7,13,urgent
2022/4/15,8,41,critical
2022/4/15,8,23,acute
2022/4/15,8,5,urgent
2022/4/15,9,35,critical
2022/4/15,9,19,acute
2022/4/15,9,11,urgent
2022/4/15,10,44,critical
2022/4/15,10,47,acute
2022/4/15,10,18,urgent
2022/4/15,11,46,critical
2022/4/15,11,60,acute
2022/4/15,11,30,urgent
2022/4/15,12,50,critical
2022/4/15,12,67,acute
2022/4/15,12,21,urgent
2022/4/15,13,44,critical
2022/4/15,13,50,acute
2022/4/15,13,29,urgent
2022/4/15,14,42,critical
2022/4/15,14,56,acute
2022/4/15,14,19,urgent
2022/4/15,15,52,critical
2022/4/15,15,39,acute
2022/4/15,15,24,urgent
2022/4/15,16,41,critical
2022/4/15,16,52,acute
2022/4/15,16,23,urgent
2022/4/15,17,35,critical
2022/4/15,17,48,acute
2022/4/15,17,21,urgent
2022/4/15,18,36,critical
2022/4/15,18,43,acute
2022/4/15,18,30,urgent
2022/4/15,19,40,critical
2022/4/15,19,34,acute
2022/4/15,19,21,urgent
2022/4/15,20,33,critical
2022/4/15,20,32,acute
2022/4/15,20,9,urgent
2022/4/15,21,30,critical
2022/4/15,21,25,acute
2022/4/15,21,12,urgent
2022/4/15,22,28,critical
2022/4/15,22,14,acute
2022/4/15,22,16,urgent
2022/4/15,23,19,critical
2022/4/15,23,27,acute
2022/4/15,23,12,urgent
2022/4/16,0,17,critical
2022/4/16,0,12,acute
2022/4/16,0,8,urgent
2022/4/16,1,4,critical
2022/4/16,1,8,acute
2022/4/16,1,2,urgent
2022/4/16,2,4,acute
2022/4/16,2,3,urgent
2022/4/16,3,2,critical
2022/4/16,3,1,acute
2022/4/16,3,1,urgent
2022/4/16,4,6,critical
2022/4/16,4,1,urgent
2022/4/16,5,4,critical
2022/4/16,5,3,acute
2022/4/16,5,1,urgent
2022/4/16,6,10,critical
2022/4/16,6,5,acute
2022/4/16,6,2,urgent
2022/4/16,7,9,critical
2022/4/16,7,15,acute
2022/4/16,7,5,urgent
2022/4/16,8,22,critical
2022/4/16,8,16,acute
2022/4/16,8,16,urgent
2022/4/16,9,17,critical
2022/4/16,9,26,acute
2022/4/16,9,21,urgent
2022/4/16,10,27,critical
2022/4/16,10,21,acute
2022/4/16,10,13,urgent
2022/4/16,11,22,critical
2022/4/16,11,16,acute
2022/4/16,11,8,urgent
2022/4/16,12,28,critical
2022/4/16,12,23,acute
2022/4/16,12,14,urgent
2022/4/16,13,31,critical
2022/4/16,13,23,acute
2022/4/16,13,18,urgent
2022/4/16,14,19,critical
2022/4/16,14,33,acute
2022/4/16,14,7,urgent
2022/4/16,15,21,critical
2022/4/16,15,20,acute
2022/4/16,15,7,urgent
2022/4/16,16,23,critical
2022/4/16,16,27,acute
2022/4/16,16,9,urgent
2022/4/16,17,20,critical
2022/4/16,17,17,acute
2022/4/16,17,8,urgent
2022/4/16,18,16,critical
2022/4/16,18,13,acute
2022/4/16,18,8,urgent
2022/4/16,19,18,critical
2022/4/16,19,21,acute
2022/4/16,19,5,urgent
2022/4/16,20,20,critical
2022/4/16,20,21,acute
2022/4/16,20,4,urgent
2022/4/16,21,17,critical
2022/4/16,21,21,acute
2022/4/16,21,7,urgent
2022/4/16,22,11,critical
2022/4/16,22,11,acute
2022/4/16,22,6,urgent
2022/4/16,23,7,critical
2022/4/16,23,16,acute
2022/4/16,23,5,urgent
2022/4/17,0,9,critical
2022/4/17,0,14,acute
2022/4/17,0,5,urgent
2022/4/17,1,6,critical
2022/4/17,1,3,acute
2022/4/17,1,2,urgent
2022/4/17,2,2,critical
2022/4/17,2,6,acute
2022/4/17,2,5,urgent
2022/4/17,3,2,critical
2022/4/17,3,6,acute
2022/4/17,3,1,urgent
2022/4/17,4,1,acute
2022/4/17,5,1,critical
2022/4/17,5,2,acute
2022/4/17,6,2,critical
2022/4/17,6,4,acute
2022/4/17,6,2,urgent
2022/4/17,7,2,critical
2022/4/17,7,9,acute
2022/4/17,7,3,urgent
2022/4/17,8,9,critical
2022/4/17,8,7,acute
2022/4/17,8,11,urgent
2022/4/17,9,9,critical
2022/4/17,9,11,acute
2022/4/17,9,5,urgent
2022/4/17,10,17,critical
2022/4/17,10,13,acute
2022/4/17,10,8,urgent
2022/4/17,11,14,critical
2022/4/17,11,15,acute
2022/4/17,11,10,urgent
2022/4/17,12,8,critical
2022/4/17,12,21,acute
2022/4/17,12,5,urgent
2022/4/17,13,15,critical
2022/4/17,13,16,acute
2022/4/17,13,3,urgent
2022/4/17,14,11,critical
2022/4/17,14,21,acute
2022/4/17,14,6,urgent
2022/4/17,15,11,critical
2022/4/17,15,18,acute
2022/4/17,15,6,urgent
2022/4/17,16,8,critical
2022/4/17,16,12,acute
2022/4/17,16,3,urgent
2022/4/17,17,12,critical
2022/4/17,17,13,acute
2022/4/17,17,8,urgent
2022/4/17,18,9,critical
2022/4/17,18,10,acute
2022/4/17,18,3,urgent
2022/4/17,19,10,critical
2022/4/17,19,13,acute
2022/4/17,19,2,urgent
2022/4/17,20,13,critical
2022/4/17,20,10,acute
2022/4/17,20,1,urgent
2022/4/17,21,14,critical
2022/4/17,21,14,acute
2022/4/17,21,4,urgent
2022/4/17,22,8,critical
2022/4/17,22,11,acute
2022/4/17,22,3,urgent
2022/4/17,23,5,critical
2022/4/17,23,8,acute
2022/4/17,23,6,urgent
2022/4/18,0,6,critical
2022/4/18,0,8,acute
2022/4/18,0,3,urgent
2022/4/18,1,2,critical
2022/4/18,1,1,acute
2022/4/18,1,1,urgent
2022/4/18,2,6,critical
2022/4/18,2,2,urgent
2022/4/18,3,2,critical
2022/4/18,5,1,critical
2022/4/18,5,4,urgent
2022/4/18,6,2,critical
2022/4/18,6,2,acute
2022/4/18,7,1,critical
2022/4/18,7,2,acute
2022/4/18,7,2,urgent
2022/4/18,8,1,critical
2022/4/18,8,9,acute
2022/4/18,8,1,urgent
2022/4/18,9,15,critical
2022/4/18,9,16,acute
2022/4/18,9,7,urgent
2022/4/18,10,15,critical
2022/4/18,10,17,acute
2022/4/18,10,6,urgent
2022/4/18,11,10,critical
2022/4/18,11,11,acute
2022/4/18,11,6,urgent
2022/4/18,12,12,critical
2022/4/18,12,14,acute
2022/4/18,12,7,urgent
2022/4/18,13,12,critical
2022/4/18,13,17,acute
2022/4/18,13,2,urgent
2022/4/18,14,14,critical
2022/4/18,14,11,acute
2022/4/18,14,7,urgent
2022/4/18,15,13,critical
2022/4/18,15,8,acute
2022/4/18,15,4,urgent
2022/4/18,16,12,critical
2022/4/18,16,12,acute
2022/4/18,16,7,urgent
2022/4/18,17,9,critical
2022/4/18,17,4,acute
2022/4/18,17,1,urgent
2022/4/18,18,7,critical
2022/4/18,18,6,acute
2022/4/18,18,4,urgent
2022/4/18,19,10,critical
2022/4/18,19,4,acute
2022/4/18,19,4,urgent
2022/4/18,20,9,critical
2022/4/18,20,9,acute
2022/4/18,20,4,urgent
2022/4/18,21,5,critical
2022/4/18,21,10,acute
2022/4/18,21,8,urgent
2022/4/18,22,10,critical
2022/4/18,22,12,acute
2022/4/18,22,2,urgent
2022/4/18,23,2,critical
2022/4/18,23,3,acute
2022/4/18,23,2,urgent
2022/4/19,0,4,critical
2022/4/19,0,1,urgent
2022/4/19,1,1,critical
2022/4/19,2,1,urgent
2022/4/19,3,1,critical
2022/4/19,3,1,acute
2022/4/19,4,1,urgent
2022/4/19,5,1,critical
2022/4/19,5,1,acute
2022/4/19,6,1,acute
2022/4/19,6,1,urgent
2022/4/19,7,2,critical
2022/4/19,7,3,acute
2022/4/19,7,1,urgent
2022/4/19,8,7,critical
2022/4/19,8,5,acute
2022/4/19,8,2,urgent
2022/4/19,9,6,critical
2022/4/19,9,2,acute
2022/4/19,9,4,urgent
2022/4/19,10,8,critical
2022/4/19,10,9,acute
2022/4/19,10,12,urgent
2022/4/19,11,8,critical
2022/4/19,11,10,acute
2022/4/19,11,2,urgent
2022/4/19,12,4,critical
2022/4/19,12,3,acute
2022/4/19,12,1,urgent
2022/4/19,13,8,critical
2022/4/19,13,8,acute
2022/4/19,14,6,critical
2022/4/19,14,8,acute
2022/4/19,14,3,urgent
2022/4/19,15,6,critical
2022/4/19,15,10,acute
2022/4/19,15,6,urgent
2022/4/19,16,9,critical
2022/4/19,16,9,acute
2022/4/19,16,2,urgent
2022/4/19,17,9,critical
2022/4/19,17,9,acute
2022/4/19,17,2,urgent
2022/4/19,18,7,critical
2022/4/19,18,4,acute
2022/4/19,18,2,urgent
2022/4/19,19,9,critical
2022/4/19,19,9,acute
2022/4/19,19,4,urgent
2022/4/19,20,10,critical
2022/4/19,20,12,acute
2022/4/19,20,5,urgent
2022/4/19,21,8,critical
2022/4/19,21,7,acute
2022/4/19,21,10,urgent
2022/4/19,22,3,critical
2022/4/19,22,6,acute
2022/4/19,22,3,urgent
2022/4/19,23,3,critical
2022/4/19,23,9,acute
2022/4/19,23,3,urgent
2022/4/20,0,7,critical
2022/4/20,0,5,acute
2022/4/20,0,1,urgent
2022/4/20,1,6,critical
2022/4/20,2,1,critical
2022/4/20,2,2,acute
2022/4/20,2,1,urgent
2022/4/20,3,1,urgent
2022/4/20,4,1,urgent
2022/4/20,5,1,acute
2022/4/20,5,1,urgent
2022/4/20,6,2,critical
2022/4/20,6,1,urgent
2022/4/20,7,3,critical
2022/4/20,7,1,urgent
2022/4/20,8,3,critical
2022/4/20,8,6,acute
2022/4/20,9,1,critical
2022/4/20,9,3,acute
2022/4/20,10,3,critical
2022/4/20,10,12,acute
2022/4/20,10,2,urgent
2022/4/20,11,3,critical
2022/4/20,11,8,acute
2022/4/20,11,3,urgent
2022/4/20,12,4,critical
2022/4/20,12,5,acute
2022/4/20,12,5,urgent
2022/4/20,13,2,critical
2022/4/20,13,3,acute
2022/4/20,13,2,urgent
2022/4/20,14,9,critical
2022/4/20,14,3,acute
2022/4/20,14,4,urgent
2022/4/20,15,3,critical
2022/4/20,15,12,acute
2022/4/20,15,4,urgent
2022/4/20,16,5,critical
2022/4/20,16,5,acute
2022/4/20,16,1,urgent
2022/4/20,17,2,critical
2022/4/20,17,6,acute
2022/4/20,17,3,urgent
2022/4/20,18,5,critical
2022/4/20,18,2,acute
2022/4/20,18,1,urgent
2022/4/20,19,1,critical
2022/4/20,19,4,acute
2022/4/20,19,1,urgent
2022/4/20,20,6,critical
2022/4/20,20,7,acute
2022/4/20,20,1,urgent
2022/4/20,21,1,critical
2022/4/20,21,1,acute
2022/4/20,21,2,urgent
2022/4/20,22,3,critical
2022/4/20,22,2,acute
2022/4/20,23,3,critical
2022/4/20,23,2,acute
2022/4/20,23,2,urgent
2022/4/21,0,2,critical
2022/4/21,0,2,acute
2022/4/21,0,1,urgent
2022/4/21,1,1,acute
2022/4/21,2,1,acute
2022/4/21,3,1,critical
2022/4/21,5,1,urgent
2022/4/21,7,2,critical
2022/4/21,7,1,acute
2022/4/21,7,2,urgent
2022/4/21,8,2,critical
2022/4/21,8,1,acute
2022/4/21,9,5,critical
2022/4/21,9,5,acute
2022/4/21,10,5,critical
2022/4/21,10,10,acute
2022/4/21,11,2,critical
2022/4/21,11,7,acute
2022/4/21,11,2,urgent
2022/4/21,12,5,critical
2022/4/21,12,3,acute
2022/4/21,12,3,urgent
2022/4/21,13,7,critical
2022/4/21,13,5,acute
2022/4/21,13,3,urgent
2022/4/21,14,4,critical
2022/4/21,14,7,acute
2022/4/21,14,2,urgent
2022/4/21,15,2,critical
2022/4/21,15,2,acute
2022/4/21,15,3,urgent
2022/4/21,16,3,critical
2022/4/21,16,3,acute
2022/4/21,17,6,critical
2022/4/21,17,6,acute
2022/4/21,17,1,urgent
2022/4/21,18,10,critical
2022/4/21,18,9,acute
2022/4/21,18,1,urgent
2022/4/21,19,5,critical
2022/4/21,19,7,acute
2022/4/21,19,2,urgent
2022/4/21,20,4,critical
2022/4/21,20,4,acute
2022/4/21,20,2,urgent
2022/4/21,21,6,critical
2022/4/21,21,1,acute
2022/4/21,21,1,urgent
2022/4/21,22,8,acute
2022/4/21,22,2,urgent
2022/4/21,23,1,critical
2022/4/21,23,5,acute
2022/4/22,0,1,critical
2022/4/22,0,1,acute
2022/4/22,1,2,critical
2022/4/22,2,1,critical
2022/4/22,2,1,urgent
2022/4/22,3,1,acute
2022/4/22,3,1,urgent
2022/4/22,4,1,critical
2022/4/22,4,1,urgent
2022/4/22,5,2,critical
2022/4/22,5,2,acute
2022/4/22,6,1,critical
2022/4/22,6,1,acute
2022/4/22,6,1,urgent
2022/4/22,7,2,critical
2022/4/22,7,1,acute
2022/4/22,8,2,critical
2022/4/22,8,1,acute
2022/4/22,9,10,critical
2022/4/22,9,5,acute
2022/4/22,9,2,urgent
2022/4/22,10,5,critical
2022/4/22,10,6,acute
2022/4/22,11,2,critical
2022/4/22,11,4,acute
2022/4/22,11,3,urgent
2022/4/22,12,3,critical
2022/4/22,12,7,acute
2022/4/22,12,1,urgent
2022/4/22,13,8,critical
2022/4/22,13,6,acute
2022/4/22,13,4,urgent
2022/4/22,14,6,critical
2022/4/22,14,4,acute
2022/4/22,14,2,urgent
2022/4/22,15,10,critical
2022/4/22,15,4,acute
2022/4/22,15,3,urgent
2022/4/22,16,4,critical
2022/4/22,16,10,acute
2022/4/22,16,6,urgent
2022/4/22,17,5,critical
2022/4/22,17,6,acute
2022/4/22,18,5,critical
2022/4/22,18,3,acute
2022/4/22,19,3,critical
2022/4/22,19,2,acute
2022/4/22,19,2,urgent
2022/4/22,20,4,critical
2022/4/22,20,6,acute
2022/4/22,20,2,urgent
2022/4/22,21,5,critical
2022/4/22,21,2,acute
2022/4/22,21,2,urgent
2022/4/22,22,3,critical
2022/4/22,22,1,acute
2022/4/22,22,2,urgent
2022/4/22,23,3,critical
2022/4/22,23,4,acute
2022/4/22,23,2,urgent
2022/4/23,0,2,critical
2022/4/23,0,2,acute
2022/4/23,0,1,urgent
2022/4/23,1,1,critical
2022/4/23,1,2,urgent
2022/4/23,2,2,acute
2022/4/23,3,2,critical
2022/4/23,3,2,acute
2022/4/23,4,2,acute
2022/4/23,5,1,critical
2022/4/23,5,1,urgent
2022/4/23,6,3,critical
2022/4/23,6,1,urgent
2022/4/23,7,2,critical
2022/4/23,7,4,acute
2022/4/23,8,1,critical
2022/4/23,8,4,acute
2022/4/23,9,2,critical
2022/4/23,9,5,acute
2022/4/23,9,2,urgent
2022/4/23,10,7,critical
2022/4/23,10,7,acute
2022/4/23,10,1,urgent
2022/4/23,11,4,critical
2022/4/23,11,5,acute
2022/4/23,11,1,urgent
2022/4/23,12,6,critical
2022/4/23,12,7,acute
2022/4/23,13,6,critical
2022/4/23,13,9,acute
2022/4/23,13,2,urgent
2022/4/23,14,7,critical
2022/4/23,14,7,acute
2022/4/23,14,2,urgent
2022/4/23,15,4,critical
2022/4/23,15,4,acute
2022/4/23,15,2,urgent
2022/4/23,16,3,critical
2022/4/23,16,3,acute
2022/4/23,17,5,critical
2022/4/23,17,2,acute
2022/4/23,18,4,acute
2022/4/23,18,1,urgent
2022/4/23,19,6,critical
2022/4/23,19,3,acute
2022/4/23,19,1,urgent
2022/4/23,20,3,critical
2022/4/23,20,3,acute
2022/4/23,21,2,critical
2022/4/23,21,3,acute
2022/4/23,21,3,urgent
2022/4/23,22,2,critical
2022/4/23,22,1,acute
2022/4/23,22,3,urgent
2022/4/23,23,1,critical
2022/4/23,23,5,acute
2022/4/23,23,2,urgent
2022/4/24,0,1,critical
2022/4/24,0,1,acute
2022/4/24,1,1,acute
2022/4/24,1,4,urgent
2022/4/24,2,2,critical
2022/4/24,2,1,acute
2022/4/24,3,1,critical
2022/4/24,3,1,acute
2022/4/24,4,1,acute
2022/4/24,5,1,acute
2022/4/24,6,1,critical
2022/4/24,6,3,acute
2022/4/24,6,1,urgent
2022/4/24,7,1,critical
2022/4/24,7,1,acute
2022/4/24,8,3,acute
2022/4/24,8,2,urgent
2022/4/24,9,1,critical
2022/4/24,9,3,acute
2022/4/24,9,2,urgent
2022/4/24,10,3,acute
2022/4/24,10,1,urgent
2022/4/24,11,1,critical
2022/4/24,11,4,acute
2022/4/24,11,3,urgent
2022/4/24,12,4,critical
2022/4/24,12,3,acute
2022/4/24,12,3,urgent
2022/4/24,13,4,critical
2022/4/24,13,5,acute
2022/4/24,13,1,urgent
2022/4/24,14,2,critical
2022/4/24,14,7,acute
2022/4/24,15,1,critical
2022/4/24,15,1,acute
2022/4/24,15,3,urgent
2022/4/24,16,2,critical
2022/4/24,16,4,acute
2022/4/24,16,3,urgent
2022/4/24,17,3,critical
2022/4/24,17,3,acute
2022/4/24,17,1,urgent
2022/4/24,18,3,critical
2022/4/24,18,5,acute
2022/4/24,19,1,critical
2022/4/24,19,6,acute
2022/4/24,19,1,urgent
2022/4/24,20,3,critical
2022/4/24,20,1,acute
2022/4/24,20,1,urgent
2022/4/24,21,3,critical
2022/4/24,21,1,acute
2022/4/24,22,2,critical
2022/4/24,22,3,acute
2022/4/24,23,2,critical
2022/4/24,23,2,acute
2022/4/24,23,2,urgent
2022/4/25,0,1,critical
2022/4/25,0,2,acute
2022/4/25,1,2,acute
2022/4/25,2,1,critical
2022/4/25,2,1,acute
2022/4/25,2,1,urgent
2022/4/25,6,1,critical
2022/4/25,6,1,acute
2022/4/25,6,3,urgent
2022/4/25,7,1,acute
2022/4/25,8,5,critical
2022/4/25,8,3,acute
2022/4/25,8,4,urgent
2022/4/25,9,3,critical
2022/4/25,9,1,acute
2022/4/25,9,2,urgent
2022/4/25,10,6,critical
2022/4/25,10,3,acute
2022/4/25,10,2,urgent
2022/4/25,11,3,critical
2022/4/25,11,6,acute
2022/4/25,11,3,urgent
2022/4/25,12,6,critical
2022/4/25,12,3,acute
2022/4/25,12,2,urgent
2022/4/25,13,7,critical
2022/4/25,13,3,acute
2022/4/25,13,5,urgent
2022/4/25,14,2,critical
2022/4/25,14,7,acute
2022/4/25,14,4,urgent
2022/4/25,15,4,critical
2022/4/25,15,2,acute
2022/4/25,15,2,urgent
2022/4/25,16,1,critical
2022/4/25,16,2,acute
2022/4/25,17,3,critical
2022/4/25,17,2,acute
2022/4/25,17,4,urgent
2022/4/25,18,2,critical
2022/4/25,18,4,acute
2022/4/25,18,1,urgent
2022/4/25,19,1,critical
2022/4/25,19,3,acute
2022/4/25,19,8,urgent
2022/4/25,20,2,critical
2022/4/25,20,5,acute
2022/4/25,20,5,urgent
2022/4/25,21,5,critical
2022/4/25,21,5,acute
2022/4/25,21,4,urgent
2022/4/25,22,1,critical
2022/4/25,22,2,acute
2022/4/25,23,1,critical
2022/4/25,23,2,acute
2022/4/25,23,1,urgent
2022/4/26,0,3,critical
2022/4/26,0,1,acute
2022/4/26,1,1,critical
2022/4/26,1,1,acute
2022/4/26,2,1,acute
2022/4/26,2,1,urgent
2022/4/26,5,1,acute
2022/4/26,7,1,critical
2022/4/26,8,2,critical
2022/4/26,8,1,acute
2022/4/26,9,4,critical
2022/4/26,9,5,acute
2022/4/26,10,2,critical
2022/4/26,10,1,acute
2022/4/26,11,5,critical
2022/4/26,11,2,acute
2022/4/26,11,1,urgent
2022/4/26,12,4,critical
2022/4/26,12,5,acute
2022/4/26,12,1,urgent
2022/4/26,13,2,critical
2022/4/26,13,4,acute
2022/4/26,13,1,urgent
2022/4/26,14,1,critical
2022/4/26,14,1,urgent
2022/4/26,15,3,acute
2022/4/26,15,1,urgent
2022/4/26,16,2,critical
2022/4/26,16,4,acute
2022/4/26,16,2,urgent
2022/4/26,17,1,critical
2022/4/26,17,4,acute
2022/4/26,17,2,urgent
2022/4/26,18,3,critical
2022/4/26,18,1,urgent
2022/4/26,19,4,critical
2022/4/26,19,2,acute
2022/4/26,19,1,urgent
2022/4/26,20,7,critical
2022/4/26,20,1,acute
2022/4/26,20,2,urgent
2022/4/26,21,1,critical
2022/4/26,21,3,acute
2022/4/26,22,4,critical
2022/4/26,22,2,acute
2022/4/26,22,1,urgent
2022/4/26,23,2,acute
2022/4/26,23,2,urgent
2022/4/27,0,1,critical
2022/4/27,1,1,acute
2022/4/27,1,2,urgent
2022/4/27,2,1,urgent
2022/4/27,5,1,acute
2022/4/27,6,1,critical
2022/4/27,6,1,acute
2022/4/27,7,2,acute
2022/4/27,8,1,critical
2022/4/27,8,1,acute
2022/4/27,8,1,urgent
2022/4/27,9,2,acute
2022/4/27,10,3,critical
2022/4/27,10,3,acute
2022/4/27,11,2,critical
2022/4/27,12,3,acute
2022/4/27,13,5,acute
2022/4/27,13,2,urgent
2022/4/27,14,3,critical
2022/4/27,14,1,acute
2022/4/27,14,1,urgent
2022/4/27,15,2,critical
2022/4/27,15,7,acute
2022/4/27,15,1,urgent
2022/4/27,16,4,critical
2022/4/27,16,9,acute
2022/4/27,16,2,urgent
2022/4/27,17,3,critical
2022/4/27,17,2,urgent
2022/4/27,18,3,critical
2022/4/27,18,2,acute
2022/4/27,18,1,urgent
2022/4/27,19,1,critical
2022/4/27,19,2,acute
2022/4/27,20,1,critical
2022/4/27,20,5,acute
2022/4/27,21,1,critical
2022/4/27,21,3,acute
2022/4/27,22,1,urgent
2022/4/27,23,1,critical
2022/4/27,23,1,acute
2022/4/28,0,1,critical
2022/4/28,0,1,acute
2022/4/28,0,1,urgent
2022/4/28,2,1,critical
2022/4/28,3,1,critical
2022/4/28,6,2,critical
2022/4/28,7,1,acute
2022/4/28,8,5,critical
2022/4/28,8,3,acute
2022/4/28,9,4,acute
2022/4/28,9,1,urgent
2022/4/28,10,4,critical
2022/4/28,10,1,acute
2022/4/28,10,2,urgent
2022/4/28,11,1,critical
2022/4/28,11,3,acute
2022/4/28,11,3,urgent
2022/4/28,12,3,critical
2022/4/28,12,3,acute
2022/4/28,12,2,urgent
2022/4/28,13,1,critical
2022/4/28,13,3,acute
2022/4/28,13,1,urgent
2022/4/28,14,1,critical
2022/4/28,14,1,urgent
2022/4/28,15,1,acute
2022/4/28,16,3,acute
2022/4/28,16,1,urgent
2022/4/28,17,1,critical
2022/4/28,17,2,acute
2022/4/28,17,2,urgent
2022/4/28,18,4,critical
2022/4/28,18,1,acute
2022/4/28,19,3,critical
2022/4/28,19,1,acute
2022/4/28,19,2,urgent
2022/4/28,20,3,critical
2022/4/28,20,3,acute
2022/4/28,21,7,critical
2022/4/28,21,1,urgent
2022/4/28,22,1,critical
2022/4/28,22,1,acute
2022/4/28,23,1,critical
2022/4/28,23,2,acute
2022/4/29,0,2,critical
2022/4/29,1,1,acute
2022/4/29,2,1,urgent
2022/4/29,4,1,urgent
2022/4/29,7,1,acute
2022/4/29,7,1,urgent
2022/4/29,8,1,critical
2022/4/29,8,1,acute
2022/4/29,8,1,urgent
2022/4/29,9,1,critical
2022/4/29,10,1,critical
2022/4/29,10,3,acute
2022/4/29,10,3,urgent
2022/4/29,11,2,critical
2022/4/29,11,2,acute
2022/4/29,12,4,acute
2022/4/29,12,1,urgent
2022/4/29,13,1,critical
2022/4/29,13,5,acute
2022/4/29,15,2,critical
2022/4/29,15,2,acute
2022/4/29,16,1,critical
2022/4/29,16,2,acute
2022/4/29,16,1,urgent
2022/4/29,17,2,critical
2022/4/29,17,4,acute
2022/4/29,17,2,urgent
2022/4/29,18,3,critical
2022/4/29,18,1,acute
2022/4/29,19,2,critical
2022/4/29,19,2,acute
2022/4/29,19,3,urgent
2022/4/29,20,2,acute
2022/4/29,22,3,acute
2022/4/29,22,1,urgent
2022/4/30,2,1,acute
2022/4/30,3,1,acute
2022/4/30,4,1,critical
2022/4/30,6,1,acute
2022/4/30,7,1,critical
2022/4/30,7,1,urgent
2022/4/30,8,1,critical
2022/4/30,9,1,critical
2022/4/30,9,1,acute
2022/4/30,9,1,urgent
2022/4/30,10,5,critical
2022/4/30,10,2,acute
2022/4/30,11,2,critical
2022/4/30,11,2,acute
2022/4/30,11,1,urgent
2022/4/30,12,2,acute
2022/4/30,13,1,critical
2022/4/30,14,5,acute
2022/4/30,15,1,critical
2022/4/30,15,2,urgent
2022/4/30,16,1,urgent
2022/4/30,17,2,acute
2022/4/30,17,2,urgent
2022/4/30,18,3,critical
2022/4/30,18,2,acute
2022/4/30,18,1,urgent
2022/4/30,19,1,critical
2022/4/30,19,4,acute
2022/4/30,19,1,urgent
2022/4/30,20,1,acute
2022/4/30,21,1,critical
2022/4/30,21,2,acute
2022/4/30,22,2,critical
2022/4/30,22,1,acute
2022/4/30,22,2,urgent
2022/4/30,23,1,acute
2022/4/30,23,1,urgent
2022/5/1,0,1,acute
2022/5/1,0,1,urgent
2022/5/1,2,1,critical
2022/5/1,4,1,acute
2022/5/1,5,1,urgent
2022/5/1,7,1,critical
2022/5/1,9,1,acute
2022/5/1,10,5,acute
2022/5/1,13,1,critical
2022/5/1,13,2,acute
2022/5/1,13,3,urgent
2022/5/1,14,1,critical
2022/5/1,14,1,acute
2022/5/1,15,4,critical
2022/5/1,15,4,acute
2022/5/1,16,2,acute
2022/5/1,16,3,urgent
2022/5/1,18,2,critical
2022/5/1,18,2,acute
2022/5/1,18,4,urgent
2022/5/1,20,1,critical
2022/5/1,20,2,acute
2022/5/1,21,1,critical
2022/5/1,21,2,acute
2022/5/1,22,2,critical
2022/5/1,22,2,acute
2022/5/1,23,1,acute
2022/5/2,1,1,urgent
2022/5/2,2,1,critical
2022/5/2,4,1,acute
2022/5/2,6,2,acute
2022/5/2,7,1,critical
2022/5/2,7,1,acute
2022/5/2,8,1,acute
2022/5/2,9,2,critical
2022/5/2,10,2,critical
2022/5/2,10,2,acute
2022/5/2,10,3,urgent
2022/5/2,11,1,acute
2022/5/2,11,2,urgent
2022/5/2,12,6,acute
2022/5/2,12,2,urgent
2022/5/2,13,2,critical
2022/5/2,13,2,acute
2022/5/2,14,2,critical
2022/5/2,14,4,acute
2022/5/2,15,1,critical
2022/5/2,15,1,urgent
2022/5/2,16,1,critical
2022/5/2,16,2,acute
2022/5/2,17,4,acute
2022/5/2,18,3,critical
2022/5/2,18,5,acute
2022/5/2,19,2,critical
2022/5/2,19,2,acute
2022/5/2,20,2,critical
2022/5/2,20,1,acute
2022/5/2,20,1,urgent
2022/5/2,21,1,acute
2022/5/2,22,3,critical
2022/5/2,22,3,acute
2022/5/3,1,1,critical
2022/5/3,8,1,critical
2022/5/3,8,1,urgent
2022/5/3,9,1,critical
2022/5/3,9,3,acute
2022/5/3,9,1,urgent
2022/5/3,10,5,critical
2022/5/3,10,5,acute
2022/5/3,11,1,acute
2022/5/3,12,2,acute
2022/5/3,12,1,urgent
2022/5/3,13,2,acute
2022/5/3,13,2,urgent
2022/5/3,14,3,critical
2022/5/3,14,3,acute
2022/5/3,14,1,urgent
2022/5/3,15,1,critical
2022/5/3,15,2,acute
2022/5/3,16,1,critical
2022/5/3,18,1,acute
2022/5/3,18,1,urgent
2022/5/3,19,1,critical
2022/5/3,20,1,critical
2022/5/3,20,1,acute
2022/5/3,20,1,urgent
2022/5/3,21,1,urgent
2022/5/3,22,1,critical
2022/5/3,22,2,acute
2022/5/3,23,1,acute
2022/5/3,23,1,urgent
2022/5/4,0,1,critical
2022/5/4,0,1,acute
2022/5/4,1,1,critical
2022/5/4,3,1,acute
2022/5/4,3,1,urgent
2022/5/4,6,1,critical
2022/5/4,7,1,critical
2022/5/4,8,1,urgent
2022/5/4,9,1,acute
2022/5/4,9,1,urgent
2022/5/4,10,1,critical
2022/5/4,10,1,acute
2022/5/4,11,1,critical
2022/5/4,11,1,acute
2022/5/4,11,3,urgent
2022/5/4,12,1,acute
2022/5/4,14,2,urgent
2022/5/4,15,2,critical
2022/5/4,15,1,urgent
2022/5/4,16,1,critical
2022/5/4,17,1,critical
2022/5/4,17,3,acute
2022/5/4,17,1,urgent
2022/5/4,18,1,acute
2022/5/4,18,1,urgent
2022/5/4,19,1,acute
2022/5/4,19,1,urgent
2022/5/4,20,1,acute
2022/5/4,21,2,acute
2022/5/4,22,1,critical
2022/5/4,23,2,critical
2022/5/4,23,2,acute
2022/5/5,0,1,acute
2022/5/5,0,1,urgent
2022/5/5,2,1,critical
2022/5/5,9,1,urgent
2022/5/5,10,1,acute
2022/5/5,11,1,critical
2022/5/5,11,4,acute
2022/5/5,12,1,acute
2022/5/5,13,1,acute
2022/5/5,14,1,critical
2022/5/5,14,1,acute
2022/5/5,14,2,urgent
2022/5/5,16,1,critical
2022/5/5,16,1,acute
2022/5/5,16,2,urgent
2022/5/5,18,1,critical
2022/5/5,18,1,acute
2022/5/5,18,1,urgent
2022/5/5,19,1,critical
2022/5/5,19,1,acute
2022/5/5,21,1,acute
2022/5/5,21,1,urgent
2022/5/5,22,1,critical
2022/5/5,23,1,critical
2022/5/6,3,1,urgent
2022/5/6,6,1,acute
2022/5/6,7,1,acute
2022/5/6,9,1,critical
2022/5/6,9,2,acute
2022/5/6,10,1,acute
2022/5/6,11,1,urgent
2022/5/6,12,1,acute
2022/5/6,13,1,critical
2022/5/6,13,1,acute
2022/5/6,14,1,acute
2022/5/6,15,1,critical
2022/5/6,15,1,acute
2022/5/6,15,1,urgent
2022/5/6,16,1,critical
2022/5/6,17,1,critical
2022/5/6,17,1,acute
2022/5/6,17,1,urgent
2022/5/6,18,1,critical
2022/5/6,18,1,acute
2022/5/6,18,2,urgent
2022/5/6,19,1,acute
2022/5/6,19,1,urgent
2022/5/6,20,2,critical
2022/5/6,20,3,acute
2022/5/6,21,2,acute
2022/5/6,22,1,acute
2022/5/6,23,1,urgent
2022/5/7,0,1,critical
2022/5/7,0,1,acute
2022/5/7,6,1,critical
2022/5/7,8,1,critical
2022/5/7,8,2,acute
2022/5/7,8,1,urgent
2022/5/7,9,1,critical
2022/5/7,9,1,acute
2022/5/7,9,3,urgent
2022/5/7,10,1,critical
2022/5/7,10,1,acute
2022/5/7,11,2,critical
2022/5/7,11,1,acute
2022/5/7,12,1,acute
2022/5/7,12,1,urgent
2022/5/7,13,1,critical
2022/5/7,14,2,urgent
2022/5/7,16,2,critical
2022/5/7,16,4,acute
2022/5/7,17,1,critical
2022/5/7,17,2,acute
2022/5/7,18,2,acute
2022/5/7,18,1,urgent
2022/5/7,19,1,critical
2022/5/7,20,1,critical
2022/5/7,20,2,acute
2022/5/7,21,1,acute
2022/5/7,23,1,critical
2022/5/7,23,1,acute
2022/5/8,3,1,urgent
2022/5/8,9,1,critical
2022/5/8,9,1,acute
2022/5/8,10,1,critical
2022/5/8,13,2,acute
2022/5/8,14,1,critical
2022/5/8,15,1,acute
2022/5/8,15,1,urgent
2022/5/8,16,1,critical
2022/5/8,16,3,acute
2022/5/8,16,3,urgent
2022/5/8,17,1,critical
2022/5/8,17,1,acute
2022/5/8,18,1,critical
2022/5/8,18,1,acute
2022/5/8,18,1,urgent
2022/5/8,19,1,critical
2022/5/8,19,1,acute
2022/5/8,19,2,urgent
2022/5/8,20,1,acute
2022/5/8,21,1,critical
2022/5/8,21,1,urgent
2022/5/8,22,1,acute
2022/5/8,22,2,urgent
2022/5/8,23,1,critical
2022/5/8,23,1,acute
2022/5/9,0,1,critical
2022/5/9,0,1,acute
2022/5/9,5,1,critical
2022/5/9,8,1,critical
2022/5/9,8,1,acute
2022/5/9,9,1,critical
2022/5/9,10,1,critical
2022/5/9,11,2,critical
2022/5/9,11,2,acute
2022/5/9,11,4,urgent
2022/5/9,12,2,acute
2022/5/9,12,1,urgent
2022/5/9,13,2,critical
2022/5/9,13,1,urgent
2022/5/9,15,2,critical
2022/5/9,16,3,critical
2022/5/9,16,3,acute
2022/5/9,16,1,urgent
2022/5/9,17,1,acute
2022/5/9,18,3,acute
2022/5/9,19,2,acute
2022/5/9,20,1,urgent
2022/5/9,21,1,acute
2022/5/9,21,1,urgent
2022/5/9,22,2,critical
2022/5/9,23,1,critical
2022/5/10,0,1,critical
2022/5/10,0,2,acute
2022/5/10,0,1,urgent
2022/5/10,1,1,urgent
2022/5/10,7,1,critical
2022/5/10,8,1,critical
2022/5/10,9,2,critical
2022/5/10,9,1,acute
2022/5/10,10,1,critical
2022/5/10,10,1,acute
2022/5/10,11,5,critical
2022/5/10,11,2,acute
2022/5/10,11,4,urgent
2022/5/10,12,2,critical
2022/5/10,12,1,acute
2022/5/10,12,2,urgent
2022/5/10,13,2,critical
2022/5/10,14,2,critical
2022/5/10,14,1,urgent
2022/5/10,16,1,critical
2022/5/10,16,1,acute
2022/5/10,17,1,critical
2022/5/10,17,2,acute
2022/5/10,18,1,critical
2022/5/10,19,1,critical
2022/5/10,19,1,urgent
2022/5/10,20,1,critical
2022/5/10,20,1,urgent
2022/5/10,21,2,critical
2022/5/10,21,1,acute
2022/5/10,22,2,critical
2022/5/10,23,2,critical
2022/5/11,7,2,acute
2022/5/11,7,2,urgent
2022/5/11,8,2,acute
2022/5/11,9,1,critical
2022/5/11,9,1,acute
2022/5/11,11,1,critical
2022/5/11,11,1,acute
2022/5/11,11,1,urgent
2022/5/11,12,1,acute
2022/5/11,12,1,urgent
2022/5/11,13,1,critical
2022/5/11,14,1,critical
2022/5/11,14,1,acute
2022/5/11,14,1,urgent
2022/5/11,15,1,critical
2022/5/11,16,1,urgent
2022/5/11,17,1,urgent
2022/5/11,18,1,acute
2022/5/11,19,1,urgent
2022/5/11,20,1,critical
2022/5/11,21,1,critical
2022/5/11,22,1,critical
2022/5/11,23,1,critical
2022/5/12,0,1,acute
2022/5/12,1,1,critical
2022/5/12,1,1,acute
2022/5/12,3,1,acute
2022/5/12,4,1,critical
2022/5/12,4,1,acute
2022/5/12,6,2,critical
2022/5/12,6,1,urgent
2022/5/12,7,1,critical
2022/5/12,8,2,acute
2022/5/12,9,1,acute
2022/5/12,10,1,urgent
2022/5/12,11,1,acute
2022/5/12,13,2,critical
2022/5/12,13,1,acute
2022/5/12,14,1,critical
2022/5/12,15,1,critical
2022/5/12,15,1,acute
2022/5/12,17,1,critical
2022/5/12,17,2,acute
2022/5/12,18,2,critical
2022/5/12,18,2,acute
2022/5/12,19,1,critical
2022/5/12,20,1,critical
2022/5/12,20,1,acute
2022/5/12,21,1,acute
2022/5/12,22,1,critical
2022/5/12,23,1,critical
2022/5/12,23,1,acute
2022/5/13,4,1,critical
2022/5/13,6,1,critical
2022/5/13,6,1,acute
2022/5/13,7,1,critical
2022/5/13,8,1,critical
2022/5/13,9,2,critical
2022/5/13,9,1,acute
2022/5/13,10,1,critical
2022/5/13,10,1,urgent
2022/5/13,12,3,critical
2022/5/13,12,1,acute
2022/5/13,13,2,critical
2022/5/13,13,1,acute
2022/5/13,14,1,acute
2022/5/13,14,1,urgent
2022/5/13,15,1,acute
2022/5/13,16,2,critical
2022/5/13,16,2,acute
2022/5/13,17,3,critical
2022/5/13,18,2,critical
2022/5/13,18,1,acute
2022/5/13,18,1,urgent
2022/5/13,21,1,acute
2022/5/13,23,1,acute
2022/5/14,0,1,acute
2022/5/14,1,1,acute
2022/5/14,10,2,critical
2022/5/14,11,1,critical
2022/5/14,11,1,urgent
2022/5/14,12,2,critical
2022/5/14,12,1,urgent
2022/5/14,14,1,acute
2022/5/14,15,1,acute
2022/5/14,16,2,critical
2022/5/14,20,1,critical
2022/5/14,21,1,acute
2022/5/14,22,1,acute
2022/5/14,23,1,acute
2022/5/15,1,1,critical
2022/5/15,2,1,acute
2022/5/15,10,2,critical
2022/5/15,11,1,critical
2022/5/15,12,2,critical
2022/5/15,12,1,acute
2022/5/15,14,2,critical
2022/5/15,14,1,acute
2022/5/15,15,1,acute
2022/5/15,17,1,critical
