type,Date,n,area
asymptomatic,2022/4/10,23355,total
asymptomatic,2022/4/11,21371,total
asymptomatic,2022/4/12,24862,total
asymptomatic,2022/4/13,24508,total
asymptomatic,2022/4/14,19505,total
asymptomatic,2022/4/15,18674,total
asymptomatic,2022/4/16,20340,total
asymptomatic,2022/4/17,18466,total
asymptomatic,2022/4/18,16505,total
asymptomatic,2022/4/19,15491,total
asymptomatic,2022/4/20,15135,total
asymptomatic,2022/4/21,14856,total
asymptomatic,2022/4/22,18780,total
asymptomatic,2022/4/23,16906,total
asymptomatic,2022/4/24,14612,total
asymptomatic,2022/4/25,13749,total
asymptomatic,2022/4/26,10275,total
asymptomatic,2022/4/27,8267,total
asymptomatic,2022/4/28,8579,total
asymptomatic,2022/4/29,7865,total
asymptomatic,2022/4/30,6063,total
asymptomatic,2022/4/6,19007,total
asymptomatic,2022/4/7,19991,total
asymptomatic,2022/4/8,19817,total
asymptomatic,2022/4/9,21712,total
asymptomatic,2022/5/1,5717,total
asymptomatic,2022/5/10,1128,total
asymptomatic,2022/5/11,1187,total
asymptomatic,2022/5/12,1714,total
asymptomatic,2022/5/13,1342,total
asymptomatic,2022/5/14,1105,total
asymptomatic,2022/5/15,791,total
asymptomatic,2022/5/2,4792,total
asymptomatic,2022/5/3,4136,total
asymptomatic,2022/5/4,3950,total
asymptomatic,2022/5/5,3543,total
asymptomatic,2022/5/6,3480,total
asymptomatic,2022/5/7,3448,total
asymptomatic,2022/5/8,3318,total
asymptomatic,2022/5/9,2643,total
localCOVID,2022/4/10,893,total
localCOVID,2022/4/11,947,total
localCOVID,2022/4/12,1173,total
localCOVID,2022/4/13,2560,total
localCOVID,2022/4/14,3150,total
localCOVID,2022/4/15,3516,total
localCOVID,2022/4/16,3187,total
localCOVID,2022/4/17,2332,total
localCOVID,2022/4/18,2881,total
localCOVID,2022/4/19,2453,total
localCOVID,2022/4/20,2527,total
localCOVID,2022/4/21,1795,total
localCOVID,2022/4/22,2557,total
localCOVID,2022/4/23,1266,total
localCOVID,2022/4/24,2337,total
localCOVID,2022/4/25,1445,total
localCOVID,2022/4/26,1311,total
localCOVID,2022/4/27,1240,total
localCOVID,2022/4/28,5210,total
localCOVID,2022/4/29,1119,total
localCOVID,2022/4/30,676,total
localCOVID,2022/4/6,313,total
localCOVID,2022/4/7,815,total
localCOVID,2022/4/8,986,total
localCOVID,2022/4/9,970,total
localCOVID,2022/5/1,633,total
localCOVID,2022/5/10,217,total
localCOVID,2022/5/11,133,total
localCOVID,2022/5/12,208,total
localCOVID,2022/5/13,185,total
localCOVID,2022/5/14,147,total
localCOVID,2022/5/15,64,total
localCOVID,2022/5/2,241,total
localCOVID,2022/5/3,226,total
localCOVID,2022/5/4,242,total
localCOVID,2022/5/5,226,total
localCOVID,2022/5/6,232,total
localCOVID,2022/5/7,182,total
localCOVID,2022/5/8,297,total
localCOVID,2022/5/9,209,total
localCOVID,2022/4/6,12,Yangpu
localCOVID,2022/4/7,29,Yangpu
localCOVID,2022/4/8,12,Yangpu
localCOVID,2022/4/9,32,Yangpu
localCOVID,2022/4/10,61,Yangpu
localCOVID,2022/4/11,30,Yangpu
localCOVID,2022/4/12,60,Yangpu
localCOVID,2022/4/13,54,Yangpu
localCOVID,2022/4/14,48,Yangpu
localCOVID,2022/4/15,275,Yangpu
localCOVID,2022/4/16,84,Yangpu
localCOVID,2022/4/17,26,Yangpu
localCOVID,2022/4/18,64,Yangpu
localCOVID,2022/4/19,64,Yangpu
localCOVID,2022/4/20,202,Yangpu
localCOVID,2022/4/21,54,Yangpu
localCOVID,2022/4/22,88,Yangpu
localCOVID,2022/4/23,42,Yangpu
localCOVID,2022/4/24,75,Yangpu
localCOVID,2022/4/25,65,Yangpu
localCOVID,2022/4/26,47,Yangpu
localCOVID,2022/4/27,60,Yangpu
localCOVID,2022/4/28,75,Yangpu
localCOVID,2022/4/29,27,Yangpu
localCOVID,2022/4/30,22,Yangpu
localCOVID,2022/5/1,35,Yangpu
localCOVID,2022/5/2,34,Yangpu
localCOVID,2022/5/3,27,Yangpu
localCOVID,2022/5/4,24,Yangpu
localCOVID,2022/5/5,47,Yangpu
localCOVID,2022/5/6,30,Yangpu
localCOVID,2022/5/7,7,Yangpu
localCOVID,2022/5/8,18,Yangpu
localCOVID,2022/5/9,28,Yangpu
localCOVID,2022/5/10,32,Yangpu
localCOVID,2022/5/11,34,Yangpu
localCOVID,2022/5/12,34,Yangpu
localCOVID,2022/5/13,18,Yangpu
localCOVID,2022/5/14,18,Yangpu
localCOVID,2022/5/15,10,Yangpu
localCOVID,2022/4/6,27,Jingan
localCOVID,2022/4/7,22,Jingan
localCOVID,2022/4/8,42,Jingan
localCOVID,2022/4/9,25,Jingan
localCOVID,2022/4/10,29,Jingan
localCOVID,2022/4/11,20,Jingan
localCOVID,2022/4/12,75,Jingan
localCOVID,2022/4/13,49,Jingan
localCOVID,2022/4/14,70,Jingan
localCOVID,2022/4/15,92,Jingan
localCOVID,2022/4/16,143,Jingan
localCOVID,2022/4/17,127,Jingan
localCOVID,2022/4/18,203,Jingan
localCOVID,2022/4/19,205,Jingan
localCOVID,2022/4/20,164,Jingan
localCOVID,2022/4/21,150,Jingan
localCOVID,2022/4/22,76,Jingan
localCOVID,2022/4/23,40,Jingan
localCOVID,2022/4/24,142,Jingan
localCOVID,2022/4/25,131,Jingan
localCOVID,2022/4/26,145,Jingan
localCOVID,2022/4/27,32,Jingan
localCOVID,2022/4/28,349,Jingan
localCOVID,2022/4/29,124,Jingan
localCOVID,2022/4/30,110,Jingan
localCOVID,2022/5/1,70,Jingan
localCOVID,2022/5/2,20,Jingan
localCOVID,2022/5/3,17,Jingan
localCOVID,2022/5/4,20,Jingan
localCOVID,2022/5/5,30,Jingan
localCOVID,2022/5/6,16,Jingan
localCOVID,2022/5/7,19,Jingan
localCOVID,2022/5/8,38,Jingan
localCOVID,2022/5/9,22,Jingan
localCOVID,2022/5/10,28,Jingan
localCOVID,2022/5/11,12,Jingan
localCOVID,2022/5/12,35,Jingan
localCOVID,2022/5/13,34,Jingan
localCOVID,2022/5/14,27,Jingan
localCOVID,2022/5/15,10,Jingan
localCOVID,2022/4/6,151,Pudong
localCOVID,2022/4/7,307,Pudong
localCOVID,2022/4/8,348,Pudong
localCOVID,2022/4/9,517,Pudong
localCOVID,2022/4/10,212,Pudong
localCOVID,2022/4/11,493,Pudong
localCOVID,2022/4/12,192,Pudong
localCOVID,2022/4/13,1139,Pudong
localCOVID,2022/4/14,1252,Pudong
localCOVID,2022/4/15,1142,Pudong
localCOVID,2022/4/16,1002,Pudong
localCOVID,2022/4/17,521,Pudong
localCOVID,2022/4/18,1075,Pudong
localCOVID,2022/4/19,720,Pudong
localCOVID,2022/4/20,756,Pudong
localCOVID,2022/4/21,409,Pudong
localCOVID,2022/4/22,704,Pudong
localCOVID,2022/4/23,541,Pudong
localCOVID,2022/4/24,874,Pudong
localCOVID,2022/4/25,292,Pudong
localCOVID,2022/4/26,206,Pudong
localCOVID,2022/4/27,534,Pudong
localCOVID,2022/4/28,1456,Pudong
localCOVID,2022/4/29,131,Pudong
localCOVID,2022/4/30,37,Pudong
localCOVID,2022/5/1,132,Pudong
localCOVID,2022/5/2,38,Pudong
localCOVID,2022/5/3,49,Pudong
localCOVID,2022/5/4,50,Pudong
localCOVID,2022/5/5,28,Pudong
localCOVID,2022/5/6,33,Pudong
localCOVID,2022/5/7,28,Pudong
localCOVID,2022/5/8,34,Pudong
localCOVID,2022/5/9,20,Pudong
localCOVID,2022/5/10,16,Pudong
localCOVID,2022/5/11,10,Pudong
localCOVID,2022/5/12,17,Pudong
localCOVID,2022/5/13,15,Pudong
localCOVID,2022/5/14,13,Pudong
localCOVID,2022/5/15,3,Pudong
localCOVID,2022/4/6,6,Jiading
localCOVID,2022/4/7,23,Jiading
localCOVID,2022/4/8,116,Jiading
localCOVID,2022/4/9,21,Jiading
localCOVID,2022/4/10,71,Jiading
localCOVID,2022/4/11,43,Jiading
localCOVID,2022/4/12,42,Jiading
localCOVID,2022/4/13,54,Jiading
localCOVID,2022/4/14,200,Jiading
localCOVID,2022/4/15,173,Jiading
localCOVID,2022/4/16,103,Jiading
localCOVID,2022/4/17,356,Jiading
localCOVID,2022/4/18,72,Jiading
localCOVID,2022/4/19,104,Jiading
localCOVID,2022/4/20,82,Jiading
localCOVID,2022/4/21,80,Jiading
localCOVID,2022/4/22,76,Jiading
localCOVID,2022/4/23,73,Jiading
localCOVID,2022/4/24,132,Jiading
localCOVID,2022/4/25,58,Jiading
localCOVID,2022/4/26,89,Jiading
localCOVID,2022/4/27,13,Jiading
localCOVID,2022/4/28,132,Jiading
localCOVID,2022/4/29,22,Jiading
localCOVID,2022/4/30,41,Jiading
localCOVID,2022/5/1,14,Jiading
localCOVID,2022/5/2,4,Jiading
localCOVID,2022/5/3,4,Jiading
localCOVID,2022/5/4,4,Jiading
localCOVID,2022/5/5,9,Jiading
localCOVID,2022/5/6,3,Jiading
localCOVID,2022/5/7,11,Jiading
localCOVID,2022/5/8,27,Jiading
localCOVID,2022/5/9,17,Jiading
localCOVID,2022/5/10,20,Jiading
localCOVID,2022/5/11,18,Jiading
localCOVID,2022/5/12,42,Jiading
localCOVID,2022/5/13,26,Jiading
localCOVID,2022/5/14,52,Jiading
localCOVID,2022/5/15,10,Jiading
localCOVID,2022/4/6,2,Songjiang
localCOVID,2022/4/7,107,Songjiang
localCOVID,2022/4/8,108,Songjiang
localCOVID,2022/4/9,10,Songjiang
localCOVID,2022/4/10,291,Songjiang
localCOVID,2022/4/11,21,Songjiang
localCOVID,2022/4/12,77,Songjiang
localCOVID,2022/4/13,131,Songjiang
localCOVID,2022/4/14,178,Songjiang
localCOVID,2022/4/15,198,Songjiang
localCOVID,2022/4/16,87,Songjiang
localCOVID,2022/4/17,153,Songjiang
localCOVID,2022/4/18,191,Songjiang
localCOVID,2022/4/19,58,Songjiang
localCOVID,2022/4/20,165,Songjiang
localCOVID,2022/4/21,22,Songjiang
localCOVID,2022/4/22,120,Songjiang
localCOVID,2022/4/23,32,Songjiang
localCOVID,2022/4/24,166,Songjiang
localCOVID,2022/4/25,108,Songjiang
localCOVID,2022/4/26,29,Songjiang
localCOVID,2022/4/27,52,Songjiang
localCOVID,2022/4/28,252,Songjiang
localCOVID,2022/4/29,24,Songjiang
localCOVID,2022/4/30,29,Songjiang
localCOVID,2022/5/1,12,Songjiang
localCOVID,2022/5/2,29,Songjiang
localCOVID,2022/5/3,34,Songjiang
localCOVID,2022/5/4,55,Songjiang
localCOVID,2022/5/5,38,Songjiang
localCOVID,2022/5/6,5,Songjiang
localCOVID,2022/5/7,22,Songjiang
localCOVID,2022/5/8,13,Songjiang
localCOVID,2022/5/9,7,Songjiang
localCOVID,2022/5/10,6,Songjiang
localCOVID,2022/5/11,4,Songjiang
localCOVID,2022/5/12,7,Songjiang
localCOVID,2022/5/13,3,Songjiang
localCOVID,2022/5/14,0,Songjiang
localCOVID,2022/5/15,1,Songjiang
localCOVID,2022/4/6,9,Huangpu
localCOVID,2022/4/7,14,Huangpu
localCOVID,2022/4/8,41,Huangpu
localCOVID,2022/4/9,101,Huangpu
localCOVID,2022/4/10,36,Huangpu
localCOVID,2022/4/11,117,Huangpu
localCOVID,2022/4/12,74,Huangpu
localCOVID,2022/4/13,227,Huangpu
localCOVID,2022/4/14,268,Huangpu
localCOVID,2022/4/15,246,Huangpu
localCOVID,2022/4/16,188,Huangpu
localCOVID,2022/4/17,186,Huangpu
localCOVID,2022/4/18,362,Huangpu
localCOVID,2022/4/19,368,Huangpu
localCOVID,2022/4/20,252,Huangpu
localCOVID,2022/4/21,192,Huangpu
localCOVID,2022/4/22,435,Huangpu
localCOVID,2022/4/23,96,Huangpu
localCOVID,2022/4/24,317,Huangpu
localCOVID,2022/4/25,156,Huangpu
localCOVID,2022/4/26,301,Huangpu
localCOVID,2022/4/27,135,Huangpu
localCOVID,2022/4/28,1370,Huangpu
localCOVID,2022/4/29,250,Huangpu
localCOVID,2022/4/30,110,Huangpu
localCOVID,2022/5/1,128,Huangpu
localCOVID,2022/5/2,17,Huangpu
localCOVID,2022/5/3,27,Huangpu
localCOVID,2022/5/4,21,Huangpu
localCOVID,2022/5/5,35,Huangpu
localCOVID,2022/5/6,60,Huangpu
localCOVID,2022/5/7,37,Huangpu
localCOVID,2022/5/8,60,Huangpu
localCOVID,2022/5/9,36,Huangpu
localCOVID,2022/5/10,19,Huangpu
localCOVID,2022/5/11,19,Huangpu
localCOVID,2022/5/12,23,Huangpu
localCOVID,2022/5/13,24,Huangpu
localCOVID,2022/5/14,18,Huangpu
localCOVID,2022/5/15,10,Huangpu
localCOVID,2022/4/6,1,Hongkou
localCOVID,2022/4/7,26,Hongkou
localCOVID,2022/4/8,18,Hongkou
localCOVID,2022/4/9,12,Hongkou
localCOVID,2022/4/10,6,Hongkou
localCOVID,2022/4/11,25,Hongkou
localCOVID,2022/4/12,83,Hongkou
localCOVID,2022/4/13,121,Hongkou
localCOVID,2022/4/14,174,Hongkou
localCOVID,2022/4/15,287,Hongkou
localCOVID,2022/4/16,157,Hongkou
localCOVID,2022/4/17,266,Hongkou
localCOVID,2022/4/18,233,Hongkou
localCOVID,2022/4/19,148,Hongkou
localCOVID,2022/4/20,102,Hongkou
localCOVID,2022/4/21,103,Hongkou
localCOVID,2022/4/22,428,Hongkou
localCOVID,2022/4/23,82,Hongkou
localCOVID,2022/4/24,106,Hongkou
localCOVID,2022/4/25,138,Hongkou
localCOVID,2022/4/26,37,Hongkou
localCOVID,2022/4/27,68,Hongkou
localCOVID,2022/4/28,469,Hongkou
localCOVID,2022/4/29,22,Hongkou
localCOVID,2022/4/30,47,Hongkou
localCOVID,2022/5/1,69,Hongkou
localCOVID,2022/5/2,18,Hongkou
localCOVID,2022/5/3,11,Hongkou
localCOVID,2022/5/4,16,Hongkou
localCOVID,2022/5/5,15,Hongkou
localCOVID,2022/5/6,17,Hongkou
localCOVID,2022/5/7,24,Hongkou
localCOVID,2022/5/8,54,Hongkou
localCOVID,2022/5/9,31,Hongkou
localCOVID,2022/5/10,48,Hongkou
localCOVID,2022/5/11,18,Hongkou
localCOVID,2022/5/12,24,Hongkou
localCOVID,2022/5/13,17,Hongkou
localCOVID,2022/5/14,3,Hongkou
localCOVID,2022/5/15,12,Hongkou
localCOVID,2022/4/6,19,Xuhui
localCOVID,2022/4/7,43,Xuhui
localCOVID,2022/4/8,114,Xuhui
localCOVID,2022/4/9,44,Xuhui
localCOVID,2022/4/10,28,Xuhui
localCOVID,2022/4/11,48,Xuhui
localCOVID,2022/4/12,56,Xuhui
localCOVID,2022/4/13,143,Xuhui
localCOVID,2022/4/14,293,Xuhui
localCOVID,2022/4/15,277,Xuhui
localCOVID,2022/4/16,170,Xuhui
localCOVID,2022/4/17,167,Xuhui
localCOVID,2022/4/18,68,Xuhui
localCOVID,2022/4/19,144,Xuhui
localCOVID,2022/4/20,191,Xuhui
localCOVID,2022/4/21,347,Xuhui
localCOVID,2022/4/22,123,Xuhui
localCOVID,2022/4/23,91,Xuhui
localCOVID,2022/4/24,228,Xuhui
localCOVID,2022/4/25,209,Xuhui
localCOVID,2022/4/26,173,Xuhui
localCOVID,2022/4/27,212,Xuhui
localCOVID,2022/4/28,527,Xuhui
localCOVID,2022/4/29,214,Xuhui
localCOVID,2022/4/30,136,Xuhui
localCOVID,2022/5/1,71,Xuhui
localCOVID,2022/5/2,38,Xuhui
localCOVID,2022/5/3,26,Xuhui
localCOVID,2022/5/4,13,Xuhui
localCOVID,2022/5/5,9,Xuhui
localCOVID,2022/5/6,19,Xuhui
localCOVID,2022/5/7,10,Xuhui
localCOVID,2022/5/8,22,Xuhui
localCOVID,2022/5/9,21,Xuhui
localCOVID,2022/5/10,23,Xuhui
localCOVID,2022/5/11,9,Xuhui
localCOVID,2022/5/12,5,Xuhui
localCOVID,2022/5/13,23,Xuhui
localCOVID,2022/5/14,2,Xuhui
localCOVID,2022/5/15,4,Xuhui
localCOVID,2022/4/6,21,Minhang
localCOVID,2022/4/7,95,Minhang
localCOVID,2022/4/8,62,Minhang
localCOVID,2022/4/9,88,Minhang
localCOVID,2022/4/10,102,Minhang
localCOVID,2022/4/11,68,Minhang
localCOVID,2022/4/12,280,Minhang
localCOVID,2022/4/13,372,Minhang
localCOVID,2022/4/14,274,Minhang
localCOVID,2022/4/15,301,Minhang
localCOVID,2022/4/16,890,Minhang
localCOVID,2022/4/17,106,Minhang
localCOVID,2022/4/18,312,Minhang
localCOVID,2022/4/19,389,Minhang
localCOVID,2022/4/20,291,Minhang
localCOVID,2022/4/21,153,Minhang
localCOVID,2022/4/22,208,Minhang
localCOVID,2022/4/23,108,Minhang
localCOVID,2022/4/24,143,Minhang
localCOVID,2022/4/25,61,Minhang
localCOVID,2022/4/26,71,Minhang
localCOVID,2022/4/27,51,Minhang
localCOVID,2022/4/28,70,Minhang
localCOVID,2022/4/29,144,Minhang
localCOVID,2022/4/30,53,Minhang
localCOVID,2022/5/1,29,Minhang
localCOVID,2022/5/2,28,Minhang
localCOVID,2022/5/3,15,Minhang
localCOVID,2022/5/4,25,Minhang
localCOVID,2022/5/5,9,Minhang
localCOVID,2022/5/6,28,Minhang
localCOVID,2022/5/7,13,Minhang
localCOVID,2022/5/8,9,Minhang
localCOVID,2022/5/9,13,Minhang
localCOVID,2022/5/10,7,Minhang
localCOVID,2022/5/11,3,Minhang
localCOVID,2022/5/12,15,Minhang
localCOVID,2022/5/13,12,Minhang
localCOVID,2022/5/14,6,Minhang
localCOVID,2022/5/15,0,Minhang
localCOVID,2022/4/6,31,Changning
localCOVID,2022/4/7,29,Changning
localCOVID,2022/4/8,20,Changning
localCOVID,2022/4/9,26,Changning
localCOVID,2022/4/10,23,Changning
localCOVID,2022/4/11,25,Changning
localCOVID,2022/4/12,90,Changning
localCOVID,2022/4/13,105,Changning
localCOVID,2022/4/14,148,Changning
localCOVID,2022/4/15,233,Changning
localCOVID,2022/4/16,127,Changning
localCOVID,2022/4/17,62,Changning
localCOVID,2022/4/18,193,Changning
localCOVID,2022/4/19,53,Changning
localCOVID,2022/4/20,123,Changning
localCOVID,2022/4/21,85,Changning
localCOVID,2022/4/22,164,Changning
localCOVID,2022/4/23,69,Changning
localCOVID,2022/4/24,76,Changning
localCOVID,2022/4/25,97,Changning
localCOVID,2022/4/26,64,Changning
localCOVID,2022/4/27,19,Changning
localCOVID,2022/4/28,263,Changning
localCOVID,2022/4/29,58,Changning
localCOVID,2022/4/30,40,Changning
localCOVID,2022/5/1,33,Changning
localCOVID,2022/5/2,4,Changning
localCOVID,2022/5/3,6,Changning
localCOVID,2022/5/4,5,Changning
localCOVID,2022/5/5,1,Changning
localCOVID,2022/5/6,7,Changning
localCOVID,2022/5/7,3,Changning
localCOVID,2022/5/8,7,Changning
localCOVID,2022/5/9,1,Changning
localCOVID,2022/5/10,2,Changning
localCOVID,2022/5/11,1,Changning
localCOVID,2022/5/12,0,Changning
localCOVID,2022/5/13,0,Changning
localCOVID,2022/5/14,2,Changning
localCOVID,2022/5/15,0,Changning
localCOVID,2022/4/6,27,Putuo
localCOVID,2022/4/7,11,Putuo
localCOVID,2022/4/8,21,Putuo
localCOVID,2022/4/9,24,Putuo
localCOVID,2022/4/10,7,Putuo
localCOVID,2022/4/11,37,Putuo
localCOVID,2022/4/12,50,Putuo
localCOVID,2022/4/13,45,Putuo
localCOVID,2022/4/14,45,Putuo
localCOVID,2022/4/15,66,Putuo
localCOVID,2022/4/16,145,Putuo
localCOVID,2022/4/17,330,Putuo
localCOVID,2022/4/18,21,Putuo
localCOVID,2022/4/19,100,Putuo
localCOVID,2022/4/20,49,Putuo
localCOVID,2022/4/21,94,Putuo
localCOVID,2022/4/22,71,Putuo
localCOVID,2022/4/23,39,Putuo
localCOVID,2022/4/24,43,Putuo
localCOVID,2022/4/25,47,Putuo
localCOVID,2022/4/26,104,Putuo
localCOVID,2022/4/27,24,Putuo
localCOVID,2022/4/28,96,Putuo
localCOVID,2022/4/29,55,Putuo
localCOVID,2022/4/30,27,Putuo
localCOVID,2022/5/1,12,Putuo
localCOVID,2022/5/2,1,Putuo
localCOVID,2022/5/3,8,Putuo
localCOVID,2022/5/4,3,Putuo
localCOVID,2022/5/5,1,Putuo
localCOVID,2022/5/6,5,Putuo
localCOVID,2022/5/7,5,Putuo
localCOVID,2022/5/8,5,Putuo
localCOVID,2022/5/9,7,Putuo
localCOVID,2022/5/10,5,Putuo
localCOVID,2022/5/11,2,Putuo
localCOVID,2022/5/12,2,Putuo
localCOVID,2022/5/13,4,Putuo
localCOVID,2022/5/14,2,Putuo
localCOVID,2022/5/15,2,Putuo
localCOVID,2022/4/6,4,Qingpu
localCOVID,2022/4/7,4,Qingpu
localCOVID,2022/4/8,24,Qingpu
localCOVID,2022/4/9,9,Qingpu
localCOVID,2022/4/10,1,Qingpu
localCOVID,2022/4/11,7,Qingpu
localCOVID,2022/4/12,61,Qingpu
localCOVID,2022/4/13,99,Qingpu
localCOVID,2022/4/14,128,Qingpu
localCOVID,2022/4/15,131,Qingpu
localCOVID,2022/4/16,46,Qingpu
localCOVID,2022/4/17,17,Qingpu
localCOVID,2022/4/18,77,Qingpu
localCOVID,2022/4/19,72,Qingpu
localCOVID,2022/4/20,120,Qingpu
localCOVID,2022/4/21,60,Qingpu
localCOVID,2022/4/22,44,Qingpu
localCOVID,2022/4/23,26,Qingpu
localCOVID,2022/4/24,8,Qingpu
localCOVID,2022/4/25,44,Qingpu
localCOVID,2022/4/26,27,Qingpu
localCOVID,2022/4/27,4,Qingpu
localCOVID,2022/4/28,137,Qingpu
localCOVID,2022/4/29,46,Qingpu
localCOVID,2022/4/30,21,Qingpu
localCOVID,2022/5/1,24,Qingpu
localCOVID,2022/5/2,10,Qingpu
localCOVID,2022/5/3,2,Qingpu
localCOVID,2022/5/4,4,Qingpu
localCOVID,2022/5/5,0,Qingpu
localCOVID,2022/5/6,3,Qingpu
localCOVID,2022/5/7,3,Qingpu
localCOVID,2022/5/8,1,Qingpu
localCOVID,2022/5/9,2,Qingpu
localCOVID,2022/5/10,11,Qingpu
localCOVID,2022/5/11,3,Qingpu
localCOVID,2022/5/12,1,Qingpu
localCOVID,2022/5/13,9,Qingpu
localCOVID,2022/5/14,2,Qingpu
localCOVID,2022/5/15,1,Qingpu
localCOVID,2022/4/6,0,Chongming
localCOVID,2022/4/7,2,Chongming
localCOVID,2022/4/8,3,Chongming
localCOVID,2022/4/9,4,Chongming
localCOVID,2022/4/10,0,Chongming
localCOVID,2022/4/11,6,Chongming
localCOVID,2022/4/12,29,Chongming
localCOVID,2022/4/13,7,Chongming
localCOVID,2022/4/14,29,Chongming
localCOVID,2022/4/15,51,Chongming
localCOVID,2022/4/16,13,Chongming
localCOVID,2022/4/17,9,Chongming
localCOVID,2022/4/18,5,Chongming
localCOVID,2022/4/19,25,Chongming
localCOVID,2022/4/20,8,Chongming
localCOVID,2022/4/21,24,Chongming
localCOVID,2022/4/22,14,Chongming
localCOVID,2022/4/23,26,Chongming
localCOVID,2022/4/24,27,Chongming
localCOVID,2022/4/25,36,Chongming
localCOVID,2022/4/26,14,Chongming
localCOVID,2022/4/27,26,Chongming
localCOVID,2022/4/28,3,Chongming
localCOVID,2022/4/29,0,Chongming
localCOVID,2022/4/30,1,Chongming
localCOVID,2022/5/1,1,Chongming
localCOVID,2022/5/2,0,Chongming
localCOVID,2022/5/3,0,Chongming
localCOVID,2022/5/4,1,Chongming
localCOVID,2022/5/5,3,Chongming
localCOVID,2022/5/6,1,Chongming
localCOVID,2022/5/7,0,Chongming
localCOVID,2022/5/8,3,Chongming
localCOVID,2022/5/9,3,Chongming
localCOVID,2022/5/10,0,Chongming
localCOVID,2022/5/11,0,Chongming
localCOVID,2022/5/12,3,Chongming
localCOVID,2022/5/13,0,Chongming
localCOVID,2022/5/14,0,Chongming
localCOVID,2022/5/15,0,Chongming
localCOVID,2022/4/6,3,Jinshan
localCOVID,2022/4/7,72,Jinshan
localCOVID,2022/4/8,45,Jinshan
localCOVID,2022/4/9,44,Jinshan
localCOVID,2022/4/10,15,Jinshan
localCOVID,2022/4/11,3,Jinshan
localCOVID,2022/4/12,3,Jinshan
localCOVID,2022/4/13,12,Jinshan
localCOVID,2022/4/14,23,Jinshan
localCOVID,2022/4/15,21,Jinshan
localCOVID,2022/4/16,9,Jinshan
localCOVID,2022/4/17,5,Jinshan
localCOVID,2022/4/18,3,Jinshan
localCOVID,2022/4/19,1,Jinshan
localCOVID,2022/4/20,16,Jinshan
localCOVID,2022/4/21,8,Jinshan
localCOVID,2022/4/22,0,Jinshan
localCOVID,2022/4/23,0,Jinshan
localCOVID,2022/4/24,0,Jinshan
localCOVID,2022/4/25,0,Jinshan
localCOVID,2022/4/26,2,Jinshan
localCOVID,2022/4/27,10,Jinshan
localCOVID,2022/4/28,8,Jinshan
localCOVID,2022/4/29,1,Jinshan
localCOVID,2022/4/30,0,Jinshan
localCOVID,2022/5/1,2,Jinshan
localCOVID,2022/5/2,0,Jinshan
localCOVID,2022/5/3,0,Jinshan
localCOVID,2022/5/4,1,Jinshan
localCOVID,2022/5/5,1,Jinshan
localCOVID,2022/5/6,3,Jinshan
localCOVID,2022/5/7,0,Jinshan
localCOVID,2022/5/8,2,Jinshan
localCOVID,2022/5/9,0,Jinshan
localCOVID,2022/5/10,0,Jinshan
localCOVID,2022/5/11,0,Jinshan
localCOVID,2022/5/12,0,Jinshan
localCOVID,2022/5/13,0,Jinshan
localCOVID,2022/5/14,0,Jinshan
localCOVID,2022/5/15,1,Jinshan
localCOVID,2022/4/6,0,Fengxian
localCOVID,2022/4/7,31,Fengxian
localCOVID,2022/4/8,12,Fengxian
localCOVID,2022/4/9,13,Fengxian
localCOVID,2022/4/10,11,Fengxian
localCOVID,2022/4/11,4,Fengxian
localCOVID,2022/4/12,1,Fengxian
localCOVID,2022/4/13,2,Fengxian
localCOVID,2022/4/14,20,Fengxian
localCOVID,2022/4/15,23,Fengxian
localCOVID,2022/4/16,23,Fengxian
localCOVID,2022/4/17,1,Fengxian
localCOVID,2022/4/18,2,Fengxian
localCOVID,2022/4/19,2,Fengxian
localCOVID,2022/4/20,6,Fengxian
localCOVID,2022/4/21,14,Fengxian
localCOVID,2022/4/22,6,Fengxian
localCOVID,2022/4/23,1,Fengxian
localCOVID,2022/4/24,0,Fengxian
localCOVID,2022/4/25,3,Fengxian
localCOVID,2022/4/26,2,Fengxian
localCOVID,2022/4/27,0,Fengxian
localCOVID,2022/4/28,3,Fengxian
localCOVID,2022/4/29,1,Fengxian
localCOVID,2022/4/30,2,Fengxian
localCOVID,2022/5/1,1,Fengxian
localCOVID,2022/5/2,0,Fengxian
localCOVID,2022/5/3,0,Fengxian
localCOVID,2022/5/4,0,Fengxian
localCOVID,2022/5/5,0,Fengxian
localCOVID,2022/5/6,2,Fengxian
localCOVID,2022/5/7,0,Fengxian
localCOVID,2022/5/8,4,Fengxian
localCOVID,2022/5/9,1,Fengxian
localCOVID,2022/5/10,0,Fengxian
localCOVID,2022/5/11,0,Fengxian
localCOVID,2022/5/12,0,Fengxian
localCOVID,2022/5/13,0,Fengxian
localCOVID,2022/5/14,2,Fengxian
localCOVID,2022/5/15,0,Fengxian
asymptomatic,2022/4/6,621,Yangpu
asymptomatic,2022/4/7,572,Yangpu
asymptomatic,2022/4/8,689,Yangpu
asymptomatic,2022/4/9,1048,Yangpu
asymptomatic,2022/4/10,1816,Yangpu
asymptomatic,2022/4/11,1390,Yangpu
asymptomatic,2022/4/12,1099,Yangpu
asymptomatic,2022/4/13,1131,Yangpu
asymptomatic,2022/4/14,769,Yangpu
asymptomatic,2022/4/15,1136,Yangpu
asymptomatic,2022/4/16,776,Yangpu
asymptomatic,2022/4/17,861,Yangpu
asymptomatic,2022/4/18,417,Yangpu
asymptomatic,2022/4/19,702,Yangpu
asymptomatic,2022/4/20,1803,Yangpu
asymptomatic,2022/4/21,489,Yangpu
asymptomatic,2022/4/22,1268,Yangpu
asymptomatic,2022/4/23,1235,Yangpu
asymptomatic,2022/4/24,1160,Yangpu
asymptomatic,2022/4/25,1179,Yangpu
asymptomatic,2022/4/26,1059,Yangpu
asymptomatic,2022/4/27,466,Yangpu
asymptomatic,2022/4/28,733,Yangpu
asymptomatic,2022/4/29,740,Yangpu
asymptomatic,2022/4/30,320,Yangpu
asymptomatic,2022/5/1,432,Yangpu
asymptomatic,2022/5/2,354,Yangpu
asymptomatic,2022/5/3,394,Yangpu
asymptomatic,2022/5/4,369,Yangpu
asymptomatic,2022/5/5,364,Yangpu
asymptomatic,2022/5/6,395,Yangpu
asymptomatic,2022/5/7,606,Yangpu
asymptomatic,2022/5/8,558,Yangpu
asymptomatic,2022/5/9,355,Yangpu
asymptomatic,2022/5/10,135,Yangpu
asymptomatic,2022/5/11,131,Yangpu
asymptomatic,2022/5/12,515,Yangpu
asymptomatic,2022/5/13,397,Yangpu
asymptomatic,2022/5/14,303,Yangpu
asymptomatic,2022/5/15,321,Yangpu
asymptomatic,2022/4/6,516,Jingan
asymptomatic,2022/4/7,360,Jingan
asymptomatic,2022/4/8,623,Jingan
asymptomatic,2022/4/9,577,Jingan
asymptomatic,2022/4/10,574,Jingan
asymptomatic,2022/4/11,532,Jingan
asymptomatic,2022/4/12,981,Jingan
asymptomatic,2022/4/13,171,Jingan
asymptomatic,2022/4/14,196,Jingan
asymptomatic,2022/4/15,341,Jingan
asymptomatic,2022/4/16,991,Jingan
asymptomatic,2022/4/17,715,Jingan
asymptomatic,2022/4/18,807,Jingan
asymptomatic,2022/4/19,1528,Jingan
asymptomatic,2022/4/20,966,Jingan
asymptomatic,2022/4/21,1914,Jingan
asymptomatic,2022/4/22,710,Jingan
asymptomatic,2022/4/23,431,Jingan
asymptomatic,2022/4/24,1560,Jingan
asymptomatic,2022/4/25,885,Jingan
asymptomatic,2022/4/26,1249,Jingan
asymptomatic,2022/4/27,1057,Jingan
asymptomatic,2022/4/28,1015,Jingan
asymptomatic,2022/4/29,1143,Jingan
asymptomatic,2022/4/30,886,Jingan
asymptomatic,2022/5/1,632,Jingan
asymptomatic,2022/5/2,596,Jingan
asymptomatic,2022/5/3,548,Jingan
asymptomatic,2022/5/4,525,Jingan
asymptomatic,2022/5/5,485,Jingan
asymptomatic,2022/5/6,468,Jingan
asymptomatic,2022/5/7,529,Jingan
asymptomatic,2022/5/8,582,Jingan
asymptomatic,2022/5/9,371,Jingan
asymptomatic,2022/5/10,191,Jingan
asymptomatic,2022/5/11,158,Jingan
asymptomatic,2022/5/12,172,Jingan
asymptomatic,2022/5/13,150,Jingan
asymptomatic,2022/5/14,116,Jingan
asymptomatic,2022/5/15,69,Jingan
asymptomatic,2022/4/6,8296,Pudong
asymptomatic,2022/4/7,8734,Pudong
asymptomatic,2022/4/8,6938,Pudong
asymptomatic,2022/4/9,10613,Pudong
asymptomatic,2022/4/10,6520,Pudong
asymptomatic,2022/4/11,7813,Pudong
asymptomatic,2022/4/12,10857,Pudong
asymptomatic,2022/4/13,13888,Pudong
asymptomatic,2022/4/14,10404,Pudong
asymptomatic,2022/4/15,9140,Pudong
asymptomatic,2022/4/16,9789,Pudong
asymptomatic,2022/4/17,7219,Pudong
asymptomatic,2022/4/18,7756,Pudong
asymptomatic,2022/4/19,4926,Pudong
asymptomatic,2022/4/20,3709,Pudong
asymptomatic,2022/4/21,4246,Pudong
asymptomatic,2022/4/22,7257,Pudong
asymptomatic,2022/4/23,7085,Pudong
asymptomatic,2022/4/24,5307,Pudong
asymptomatic,2022/4/25,3620,Pudong
asymptomatic,2022/4/26,2539,Pudong
asymptomatic,2022/4/27,2459,Pudong
asymptomatic,2022/4/28,2016,Pudong
asymptomatic,2022/4/29,1897,Pudong
asymptomatic,2022/4/30,1588,Pudong
asymptomatic,2022/5/1,1520,Pudong
asymptomatic,2022/5/2,1124,Pudong
asymptomatic,2022/5/3,834,Pudong
asymptomatic,2022/5/4,839,Pudong
asymptomatic,2022/5/5,649,Pudong
asymptomatic,2022/5/6,551,Pudong
asymptomatic,2022/5/7,647,Pudong
asymptomatic,2022/5/8,658,Pudong
asymptomatic,2022/5/9,568,Pudong
asymptomatic,2022/5/10,247,Pudong
asymptomatic,2022/5/11,240,Pudong
asymptomatic,2022/5/12,263,Pudong
asymptomatic,2022/5/13,172,Pudong
asymptomatic,2022/5/14,137,Pudong
asymptomatic,2022/5/15,95,Pudong
asymptomatic,2022/4/6,1402,Jiading
asymptomatic,2022/4/7,911,Jiading
asymptomatic,2022/4/8,1389,Jiading
asymptomatic,2022/4/9,348,Jiading
asymptomatic,2022/4/10,1334,Jiading
asymptomatic,2022/4/11,165,Jiading
asymptomatic,2022/4/12,944,Jiading
asymptomatic,2022/4/13,667,Jiading
asymptomatic,2022/4/14,603,Jiading
asymptomatic,2022/4/15,568,Jiading
asymptomatic,2022/4/16,582,Jiading
asymptomatic,2022/4/17,622,Jiading
asymptomatic,2022/4/18,516,Jiading
asymptomatic,2022/4/19,639,Jiading
asymptomatic,2022/4/20,559,Jiading
asymptomatic,2022/4/21,696,Jiading
asymptomatic,2022/4/22,424,Jiading
asymptomatic,2022/4/23,678,Jiading
asymptomatic,2022/4/24,469,Jiading
asymptomatic,2022/4/25,485,Jiading
asymptomatic,2022/4/26,345,Jiading
asymptomatic,2022/4/27,279,Jiading
asymptomatic,2022/4/28,356,Jiading
asymptomatic,2022/4/29,246,Jiading
asymptomatic,2022/4/30,218,Jiading
asymptomatic,2022/5/1,254,Jiading
asymptomatic,2022/5/2,275,Jiading
asymptomatic,2022/5/3,171,Jiading
asymptomatic,2022/5/4,211,Jiading
asymptomatic,2022/5/5,192,Jiading
asymptomatic,2022/5/6,198,Jiading
asymptomatic,2022/5/7,108,Jiading
asymptomatic,2022/5/8,109,Jiading
asymptomatic,2022/5/9,131,Jiading
asymptomatic,2022/5/10,14,Jiading
asymptomatic,2022/5/11,72,Jiading
asymptomatic,2022/5/12,67,Jiading
asymptomatic,2022/5/13,37,Jiading
asymptomatic,2022/5/14,32,Jiading
asymptomatic,2022/5/15,25,Jiading
asymptomatic,2022/4/6,781,Songjiang
asymptomatic,2022/4/7,647,Songjiang
asymptomatic,2022/4/8,663,Songjiang
asymptomatic,2022/4/9,490,Songjiang
asymptomatic,2022/4/10,1534,Songjiang
asymptomatic,2022/4/11,670,Songjiang
asymptomatic,2022/4/12,635,Songjiang
asymptomatic,2022/4/13,526,Songjiang
asymptomatic,2022/4/14,583,Songjiang
asymptomatic,2022/4/15,575,Songjiang
asymptomatic,2022/4/16,323,Songjiang
asymptomatic,2022/4/17,752,Songjiang
asymptomatic,2022/4/18,571,Songjiang
asymptomatic,2022/4/19,267,Songjiang
asymptomatic,2022/4/20,511,Songjiang
asymptomatic,2022/4/21,471,Songjiang
asymptomatic,2022/4/22,2448,Songjiang
asymptomatic,2022/4/23,741,Songjiang
asymptomatic,2022/4/24,382,Songjiang
asymptomatic,2022/4/25,533,Songjiang
asymptomatic,2022/4/26,258,Songjiang
asymptomatic,2022/4/27,179,Songjiang
asymptomatic,2022/4/28,150,Songjiang
asymptomatic,2022/4/29,110,Songjiang
asymptomatic,2022/4/30,76,Songjiang
asymptomatic,2022/5/1,84,Songjiang
asymptomatic,2022/5/2,39,Songjiang
asymptomatic,2022/5/3,56,Songjiang
asymptomatic,2022/5/4,37,Songjiang
asymptomatic,2022/5/5,45,Songjiang
asymptomatic,2022/5/6,22,Songjiang
asymptomatic,2022/5/7,26,Songjiang
asymptomatic,2022/5/8,27,Songjiang
asymptomatic,2022/5/9,19,Songjiang
asymptomatic,2022/5/10,13,Songjiang
asymptomatic,2022/5/11,10,Songjiang
asymptomatic,2022/5/12,15,Songjiang
asymptomatic,2022/5/13,8,Songjiang
asymptomatic,2022/5/14,6,Songjiang
asymptomatic,2022/5/15,13,Songjiang
asymptomatic,2022/4/6,1041,Huangpu
asymptomatic,2022/4/7,1368,Huangpu
asymptomatic,2022/4/8,2566,Huangpu
asymptomatic,2022/4/9,447,Huangpu
asymptomatic,2022/4/10,1725,Huangpu
asymptomatic,2022/4/11,2106,Huangpu
asymptomatic,2022/4/12,1730,Huangpu
asymptomatic,2022/4/13,1181,Huangpu
asymptomatic,2022/4/14,1745,Huangpu
asymptomatic,2022/4/15,1138,Huangpu
asymptomatic,2022/4/16,1377,Huangpu
asymptomatic,2022/4/17,1710,Huangpu
asymptomatic,2022/4/18,2961,Huangpu
asymptomatic,2022/4/19,2716,Huangpu
asymptomatic,2022/4/20,2845,Huangpu
asymptomatic,2022/4/21,1560,Huangpu
asymptomatic,2022/4/22,2408,Huangpu
asymptomatic,2022/4/23,1863,Huangpu
asymptomatic,2022/4/24,1438,Huangpu
asymptomatic,2022/4/25,2515,Huangpu
asymptomatic,2022/4/26,927,Huangpu
asymptomatic,2022/4/27,1317,Huangpu
asymptomatic,2022/4/28,1286,Huangpu
asymptomatic,2022/4/29,1149,Huangpu
asymptomatic,2022/4/30,1046,Huangpu
asymptomatic,2022/5/1,984,Huangpu
asymptomatic,2022/5/2,957,Huangpu
asymptomatic,2022/5/3,912,Huangpu
asymptomatic,2022/5/4,754,Huangpu
asymptomatic,2022/5/5,737,Huangpu
asymptomatic,2022/5/6,567,Huangpu
asymptomatic,2022/5/7,575,Huangpu
asymptomatic,2022/5/8,442,Huangpu
asymptomatic,2022/5/9,378,Huangpu
asymptomatic,2022/5/10,245,Huangpu
asymptomatic,2022/5/11,227,Huangpu
asymptomatic,2022/5/12,274,Huangpu
asymptomatic,2022/5/13,219,Huangpu
asymptomatic,2022/5/14,168,Huangpu
asymptomatic,2022/5/15,83,Huangpu
asymptomatic,2022/4/6,669,Hongkou
asymptomatic,2022/4/7,568,Hongkou
asymptomatic,2022/4/8,360,Hongkou
asymptomatic,2022/4/9,337,Hongkou
asymptomatic,2022/4/10,1232,Hongkou
asymptomatic,2022/4/11,1350,Hongkou
asymptomatic,2022/4/12,848,Hongkou
asymptomatic,2022/4/13,1367,Hongkou
asymptomatic,2022/4/14,756,Hongkou
asymptomatic,2022/4/15,1210,Hongkou
asymptomatic,2022/4/16,870,Hongkou
asymptomatic,2022/4/17,900,Hongkou
asymptomatic,2022/4/18,859,Hongkou
asymptomatic,2022/4/19,605,Hongkou
asymptomatic,2022/4/20,730,Hongkou
asymptomatic,2022/4/21,782,Hongkou
asymptomatic,2022/4/22,569,Hongkou
asymptomatic,2022/4/23,737,Hongkou
asymptomatic,2022/4/24,549,Hongkou
asymptomatic,2022/4/25,1132,Hongkou
asymptomatic,2022/4/26,1099,Hongkou
asymptomatic,2022/4/27,1023,Hongkou
asymptomatic,2022/4/28,905,Hongkou
asymptomatic,2022/4/29,993,Hongkou
asymptomatic,2022/4/30,544,Hongkou
asymptomatic,2022/5/1,600,Hongkou
asymptomatic,2022/5/2,348,Hongkou
asymptomatic,2022/5/3,347,Hongkou
asymptomatic,2022/5/4,310,Hongkou
asymptomatic,2022/5/5,252,Hongkou
asymptomatic,2022/5/6,262,Hongkou
asymptomatic,2022/5/7,248,Hongkou
asymptomatic,2022/5/8,263,Hongkou
asymptomatic,2022/5/9,238,Hongkou
asymptomatic,2022/5/10,88,Hongkou
asymptomatic,2022/5/11,84,Hongkou
asymptomatic,2022/5/12,79,Hongkou
asymptomatic,2022/5/13,74,Hongkou
asymptomatic,2022/5/14,64,Hongkou
asymptomatic,2022/5/15,57,Hongkou
asymptomatic,2022/4/6,1087,Xuhui
asymptomatic,2022/4/7,2030,Xuhui
asymptomatic,2022/4/8,1515,Xuhui
asymptomatic,2022/4/9,1106,Xuhui
asymptomatic,2022/4/10,3157,Xuhui
asymptomatic,2022/4/11,1723,Xuhui
asymptomatic,2022/4/12,1052,Xuhui
asymptomatic,2022/4/13,1349,Xuhui
asymptomatic,2022/4/14,1049,Xuhui
asymptomatic,2022/4/15,1412,Xuhui
asymptomatic,2022/4/16,1362,Xuhui
asymptomatic,2022/4/17,1386,Xuhui
asymptomatic,2022/4/18,504,Xuhui
asymptomatic,2022/4/19,1464,Xuhui
asymptomatic,2022/4/20,1256,Xuhui
asymptomatic,2022/4/21,1019,Xuhui
asymptomatic,2022/4/22,1152,Xuhui
asymptomatic,2022/4/23,1631,Xuhui
asymptomatic,2022/4/24,1168,Xuhui
asymptomatic,2022/4/25,1132,Xuhui
asymptomatic,2022/4/26,731,Xuhui
asymptomatic,2022/4/27,340,Xuhui
asymptomatic,2022/4/28,1053,Xuhui
asymptomatic,2022/4/29,388,Xuhui
asymptomatic,2022/4/30,352,Xuhui
asymptomatic,2022/5/1,371,Xuhui
asymptomatic,2022/5/2,379,Xuhui
asymptomatic,2022/5/3,337,Xuhui
asymptomatic,2022/5/4,317,Xuhui
asymptomatic,2022/5/5,314,Xuhui
asymptomatic,2022/5/6,311,Xuhui
asymptomatic,2022/5/7,289,Xuhui
asymptomatic,2022/5/8,284,Xuhui
asymptomatic,2022/5/9,107,Xuhui
asymptomatic,2022/5/10,60,Xuhui
asymptomatic,2022/5/11,65,Xuhui
asymptomatic,2022/5/12,88,Xuhui
asymptomatic,2022/5/13,82,Xuhui
asymptomatic,2022/5/14,87,Xuhui
asymptomatic,2022/5/15,59,Xuhui
asymptomatic,2022/4/6,2387,Minhang
asymptomatic,2022/4/7,2160,Minhang
asymptomatic,2022/4/8,2792,Minhang
asymptomatic,2022/4/9,4536,Minhang
asymptomatic,2022/4/10,3087,Minhang
asymptomatic,2022/4/11,2939,Minhang
asymptomatic,2022/4/12,3965,Minhang
asymptomatic,2022/4/13,2567,Minhang
asymptomatic,2022/4/14,2104,Minhang
asymptomatic,2022/4/15,1736,Minhang
asymptomatic,2022/4/16,2170,Minhang
asymptomatic,2022/4/17,2296,Minhang
asymptomatic,2022/4/18,1060,Minhang
asymptomatic,2022/4/19,1213,Minhang
asymptomatic,2022/4/20,1395,Minhang
asymptomatic,2022/4/21,2410,Minhang
asymptomatic,2022/4/22,1097,Minhang
asymptomatic,2022/4/23,769,Minhang
asymptomatic,2022/4/24,1086,Minhang
asymptomatic,2022/4/25,656,Minhang
asymptomatic,2022/4/26,678,Minhang
asymptomatic,2022/4/27,270,Minhang
asymptomatic,2022/4/28,352,Minhang
asymptomatic,2022/4/29,372,Minhang
asymptomatic,2022/4/30,378,Minhang
asymptomatic,2022/5/1,357,Minhang
asymptomatic,2022/5/2,259,Minhang
asymptomatic,2022/5/3,237,Minhang
asymptomatic,2022/5/4,260,Minhang
asymptomatic,2022/5/5,226,Minhang
asymptomatic,2022/5/6,281,Minhang
asymptomatic,2022/5/7,214,Minhang
asymptomatic,2022/5/8,216,Minhang
asymptomatic,2022/5/9,315,Minhang
asymptomatic,2022/5/10,72,Minhang
asymptomatic,2022/5/11,88,Minhang
asymptomatic,2022/5/12,128,Minhang
asymptomatic,2022/5/13,117,Minhang
asymptomatic,2022/5/14,75,Minhang
asymptomatic,2022/5/15,35,Minhang
asymptomatic,2022/4/6,328,Changning
asymptomatic,2022/4/7,825,Changning
asymptomatic,2022/4/8,594,Changning
asymptomatic,2022/4/9,731,Changning
asymptomatic,2022/4/10,382,Changning
asymptomatic,2022/4/11,368,Changning
asymptomatic,2022/4/12,1043,Changning
asymptomatic,2022/4/13,852,Changning
asymptomatic,2022/4/14,850,Changning
asymptomatic,2022/4/15,519,Changning
asymptomatic,2022/4/16,579,Changning
asymptomatic,2022/4/17,677,Changning
asymptomatic,2022/4/18,487,Changning
asymptomatic,2022/4/19,565,Changning
asymptomatic,2022/4/20,603,Changning
asymptomatic,2022/4/21,411,Changning
asymptomatic,2022/4/22,549,Changning
asymptomatic,2022/4/23,658,Changning
asymptomatic,2022/4/24,673,Changning
asymptomatic,2022/4/25,437,Changning
asymptomatic,2022/4/26,355,Changning
asymptomatic,2022/4/27,189,Changning
asymptomatic,2022/4/28,384,Changning
asymptomatic,2022/4/29,319,Changning
asymptomatic,2022/4/30,141,Changning
asymptomatic,2022/5/1,210,Changning
asymptomatic,2022/5/2,147,Changning
asymptomatic,2022/5/3,96,Changning
asymptomatic,2022/5/4,116,Changning
asymptomatic,2022/5/5,86,Changning
asymptomatic,2022/5/6,64,Changning
asymptomatic,2022/5/7,62,Changning
asymptomatic,2022/5/8,70,Changning
asymptomatic,2022/5/9,52,Changning
asymptomatic,2022/5/10,14,Changning
asymptomatic,2022/5/11,39,Changning
asymptomatic,2022/5/12,59,Changning
asymptomatic,2022/5/13,37,Changning
asymptomatic,2022/5/14,48,Changning
asymptomatic,2022/5/15,15,Changning
asymptomatic,2022/4/6,1008,Putuo
asymptomatic,2022/4/7,947,Putuo
asymptomatic,2022/4/8,1073,Putuo
asymptomatic,2022/4/9,629,Putuo
asymptomatic,2022/4/10,994,Putuo
asymptomatic,2022/4/11,1841,Putuo
asymptomatic,2022/4/12,1120,Putuo
asymptomatic,2022/4/13,430,Putuo
asymptomatic,2022/4/14,219,Putuo
asymptomatic,2022/4/15,360,Putuo
asymptomatic,2022/4/16,1186,Putuo
asymptomatic,2022/4/17,895,Putuo
asymptomatic,2022/4/18,350,Putuo
asymptomatic,2022/4/19,428,Putuo
asymptomatic,2022/4/20,506,Putuo
asymptomatic,2022/4/21,395,Putuo
asymptomatic,2022/4/22,452,Putuo
asymptomatic,2022/4/23,439,Putuo
asymptomatic,2022/4/24,434,Putuo
asymptomatic,2022/4/25,371,Putuo
asymptomatic,2022/4/26,261,Putuo
asymptomatic,2022/4/27,277,Putuo
asymptomatic,2022/4/28,139,Putuo
asymptomatic,2022/4/29,86,Putuo
asymptomatic,2022/4/30,87,Putuo
asymptomatic,2022/5/1,83,Putuo
asymptomatic,2022/5/2,78,Putuo
asymptomatic,2022/5/3,54,Putuo
asymptomatic,2022/5/4,88,Putuo
asymptomatic,2022/5/5,78,Putuo
asymptomatic,2022/5/6,72,Putuo
asymptomatic,2022/5/7,51,Putuo
asymptomatic,2022/5/8,44,Putuo
asymptomatic,2022/5/9,43,Putuo
asymptomatic,2022/5/10,25,Putuo
asymptomatic,2022/5/11,27,Putuo
asymptomatic,2022/5/12,27,Putuo
asymptomatic,2022/5/13,24,Putuo
asymptomatic,2022/5/14,26,Putuo
asymptomatic,2022/5/15,6,Putuo
asymptomatic,2022/4/6,465,Qingpu
asymptomatic,2022/4/7,491,Qingpu
asymptomatic,2022/4/8,318,Qingpu
asymptomatic,2022/4/9,548,Qingpu
asymptomatic,2022/4/10,876,Qingpu
asymptomatic,2022/4/11,324,Qingpu
asymptomatic,2022/4/12,463,Qingpu
asymptomatic,2022/4/13,220,Qingpu
asymptomatic,2022/4/14,176,Qingpu
asymptomatic,2022/4/15,405,Qingpu
asymptomatic,2022/4/16,259,Qingpu
asymptomatic,2022/4/17,352,Qingpu
asymptomatic,2022/4/18,180,Qingpu
asymptomatic,2022/4/19,317,Qingpu
asymptomatic,2022/4/20,160,Qingpu
asymptomatic,2022/4/21,325,Qingpu
asymptomatic,2022/4/22,315,Qingpu
asymptomatic,2022/4/23,398,Qingpu
asymptomatic,2022/4/24,243,Qingpu
asymptomatic,2022/4/25,335,Qingpu
asymptomatic,2022/4/26,284,Qingpu
asymptomatic,2022/4/27,204,Qingpu
asymptomatic,2022/4/28,132,Qingpu
asymptomatic,2022/4/29,110,Qingpu
asymptomatic,2022/4/30,107,Qingpu
asymptomatic,2022/5/1,91,Qingpu
asymptomatic,2022/5/2,84,Qingpu
asymptomatic,2022/5/3,41,Qingpu
asymptomatic,2022/5/4,66,Qingpu
asymptomatic,2022/5/5,56,Qingpu
asymptomatic,2022/5/6,166,Qingpu
asymptomatic,2022/5/7,31,Qingpu
asymptomatic,2022/5/8,48,Qingpu
asymptomatic,2022/5/9,54,Qingpu
asymptomatic,2022/5/10,16,Qingpu
asymptomatic,2022/5/11,34,Qingpu
asymptomatic,2022/5/12,19,Qingpu
asymptomatic,2022/5/13,15,Qingpu
asymptomatic,2022/5/14,26,Qingpu
asymptomatic,2022/5/15,9,Qingpu
asymptomatic,2022/4/6,63,Chongming
asymptomatic,2022/4/7,260,Chongming
asymptomatic,2022/4/8,167,Chongming
asymptomatic,2022/4/9,167,Chongming
asymptomatic,2022/4/10,55,Chongming
asymptomatic,2022/4/11,51,Chongming
asymptomatic,2022/4/12,57,Chongming
asymptomatic,2022/4/13,56,Chongming
asymptomatic,2022/4/14,31,Chongming
asymptomatic,2022/4/15,41,Chongming
asymptomatic,2022/4/16,36,Chongming
asymptomatic,2022/4/17,43,Chongming
asymptomatic,2022/4/18,21,Chongming
asymptomatic,2022/4/19,55,Chongming
asymptomatic,2022/4/20,57,Chongming
asymptomatic,2022/4/21,96,Chongming
asymptomatic,2022/4/22,103,Chongming
asymptomatic,2022/4/23,182,Chongming
asymptomatic,2022/4/24,68,Chongming
asymptomatic,2022/4/25,438,Chongming
asymptomatic,2022/4/26,453,Chongming
asymptomatic,2022/4/27,173,Chongming
asymptomatic,2022/4/28,35,Chongming
asymptomatic,2022/4/29,269,Chongming
asymptomatic,2022/4/30,307,Chongming
asymptomatic,2022/5/1,75,Chongming
asymptomatic,2022/5/2,135,Chongming
asymptomatic,2022/5/3,99,Chongming
asymptomatic,2022/5/4,55,Chongming
asymptomatic,2022/5/5,47,Chongming
asymptomatic,2022/5/6,99,Chongming
asymptomatic,2022/5/7,51,Chongming
asymptomatic,2022/5/8,13,Chongming
asymptomatic,2022/5/9,6,Chongming
asymptomatic,2022/5/10,8,Chongming
asymptomatic,2022/5/11,4,Chongming
asymptomatic,2022/5/12,6,Chongming
asymptomatic,2022/5/13,3,Chongming
asymptomatic,2022/5/14,1,Chongming
asymptomatic,2022/5/15,0,Chongming
asymptomatic,2022/4/6,76,Jinshan
asymptomatic,2022/4/7,56,Jinshan
asymptomatic,2022/4/8,45,Jinshan
asymptomatic,2022/4/9,24,Jinshan
asymptomatic,2022/4/10,42,Jinshan
asymptomatic,2022/4/11,35,Jinshan
asymptomatic,2022/4/12,36,Jinshan
asymptomatic,2022/4/13,22,Jinshan
asymptomatic,2022/4/14,5,Jinshan
asymptomatic,2022/4/15,10,Jinshan
asymptomatic,2022/4/16,12,Jinshan
asymptomatic,2022/4/17,19,Jinshan
asymptomatic,2022/4/18,4,Jinshan
asymptomatic,2022/4/19,8,Jinshan
asymptomatic,2022/4/20,9,Jinshan
asymptomatic,2022/4/21,22,Jinshan
asymptomatic,2022/4/22,26,Jinshan
asymptomatic,2022/4/23,44,Jinshan
asymptomatic,2022/4/24,68,Jinshan
asymptomatic,2022/4/25,22,Jinshan
asymptomatic,2022/4/26,26,Jinshan
asymptomatic,2022/4/27,31,Jinshan
asymptomatic,2022/4/28,20,Jinshan
asymptomatic,2022/4/29,18,Jinshan
asymptomatic,2022/4/30,11,Jinshan
asymptomatic,2022/5/1,12,Jinshan
asymptomatic,2022/5/2,7,Jinshan
asymptomatic,2022/5/3,4,Jinshan
asymptomatic,2022/5/4,2,Jinshan
asymptomatic,2022/5/5,1,Jinshan
asymptomatic,2022/5/6,5,Jinshan
asymptomatic,2022/5/7,0,Jinshan
asymptomatic,2022/5/8,2,Jinshan
asymptomatic,2022/5/9,1,Jinshan
asymptomatic,2022/5/10,0,Jinshan
asymptomatic,2022/5/11,3,Jinshan
asymptomatic,2022/5/12,1,Jinshan
asymptomatic,2022/5/13,7,Jinshan
asymptomatic,2022/5/14,16,Jinshan
asymptomatic,2022/5/15,3,Jinshan
asymptomatic,2022/4/6,267,Fengxian
asymptomatic,2022/4/7,62,Fengxian
asymptomatic,2022/4/8,85,Fengxian
asymptomatic,2022/4/9,111,Fengxian
asymptomatic,2022/4/10,27,Fengxian
asymptomatic,2022/4/11,64,Fengxian
asymptomatic,2022/4/12,32,Fengxian
asymptomatic,2022/4/13,81,Fengxian
asymptomatic,2022/4/14,15,Fengxian
asymptomatic,2022/4/15,83,Fengxian
asymptomatic,2022/4/16,28,Fengxian
asymptomatic,2022/4/17,19,Fengxian
asymptomatic,2022/4/18,12,Fengxian
asymptomatic,2022/4/19,58,Fengxian
asymptomatic,2022/4/20,26,Fengxian
asymptomatic,2022/4/21,20,Fengxian
asymptomatic,2022/4/22,2,Fengxian
asymptomatic,2022/4/23,15,Fengxian
asymptomatic,2022/4/24,7,Fengxian
asymptomatic,2022/4/25,9,Fengxian
asymptomatic,2022/4/26,11,Fengxian
asymptomatic,2022/4/27,3,Fengxian
asymptomatic,2022/4/28,3,Fengxian
asymptomatic,2022/4/29,25,Fengxian
asymptomatic,2022/4/30,2,Fengxian
asymptomatic,2022/5/1,12,Fengxian
asymptomatic,2022/5/2,10,Fengxian
asymptomatic,2022/5/3,6,Fengxian
asymptomatic,2022/5/4,1,Fengxian
asymptomatic,2022/5/5,11,Fengxian
asymptomatic,2022/5/6,19,Fengxian
asymptomatic,2022/5/7,11,Fengxian
asymptomatic,2022/5/8,2,Fengxian
asymptomatic,2022/5/9,5,Fengxian
asymptomatic,2022/5/10,0,Fengxian
asymptomatic,2022/5/11,5,Fengxian
asymptomatic,2022/5/12,1,Fengxian
asymptomatic,2022/5/13,0,Fengxian
asymptomatic,2022/5/14,0,Fengxian
asymptomatic,2022/5/15,1,Fengxian
